Volcano Number,Eruption Number,VEI,Start Year,End Year,Latitude,Longitude,Volcano Name,Total SO2 Mass,SO2 Altitude Range Start
311300,22182,3,2016,2017,53.93,-168.03,Bogoslof,,
311300,19863,3,1992,1992,53.93,-168.03,Bogoslof,,
344070,10970,2,1999,1999,12.506,-86.702,"Negro, Cerro",,
344070,10966,2,1995,1995,12.506,-86.702,"Negro, Cerro",,
344070,10965,3,1992,1992,12.506,-86.702,"Negro, Cerro",,
261120,15414,1,1986,1986,0.686,99.539,Sorikmarapi,,
257030,20752,1,2011,2011,-15.4,167.83,Aoba,,
257030,15237,2,2005,2006,-15.4,167.83,Aoba,,
257030,15236,2,1995,1995,-15.4,167.83,Aoba,,
263180,20933,2,2014,2014,-7.242,109.208,Slamet,,
263180,15765,1,2009,2009,-7.242,109.208,Slamet,,
263180,15763,1,1999,1999,-7.242,109.208,Slamet,,
263180,15762,1,1988,1988,-7.242,109.208,Slamet,,
256010,15210,-1,2008,2012,-10.38,165.8,Tinakula,2,3
256010,15209,2,2006,2007,-10.38,165.8,Tinakula,2,3
256010,15207,1,2002,NaN,-10.38,165.8,Tinakula,,
256010,15206,1,2000,2001,-10.38,165.8,Tinakula,,
256010,15205,1,1999,NaN,-10.38,165.8,Tinakula,,
256010,15204,1,1995,NaN,-10.38,165.8,Tinakula,,
256010,15203,1,1989,1990,-10.38,165.8,Tinakula,,
256010,15202,2,1984,1985,-10.38,165.8,Tinakula,,
311310,19992,-1,1995,1995,53.891,-166.923,Makushin,10,12
311310,19991,1,1993,1994,53.891,-166.923,Makushin,,
311310,19990,1,1987,1987,53.891,-166.923,Makushin,,
311310,19988,1,1980,NaN,53.891,-166.923,Makushin,10,12
264200,16308,3,2003,2003,-8.365,122.833,Leroboleng,,
282120,17365,1,1995,1996,33.086,131.249,Kujusan,,
284170,20804,-1,2012,2012,18.13,145.8,Pagan,320,20
284170,20803,2,2011,2011,18.13,145.8,Pagan,,
284170,18524,1,2010,2010,18.13,145.8,Pagan,,
284170,18522,1,2006,2006,18.13,145.8,Pagan,,
284170,18521,1,1996,NaN,18.13,145.8,Pagan,,
284170,18520,2,1993,1993,18.13,145.8,Pagan,,
284170,18519,1,1992,1992,18.13,145.8,Pagan,,
284170,18518,2,1988,1988,18.13,145.8,Pagan,,
284170,18516,1,1987,1987,18.13,145.8,Pagan,,
284170,18515,4,1981,1985,18.13,145.8,Pagan,320,20
384010,20977,3,2014,2015,14.95,-24.35,Fogo,,
384010,13137,2,1995,1995,14.95,-24.35,Fogo,,
257040,15297,-1,2008,2017,-16.25,168.12,Ambrym,10,11.3
257040,15296,2,2006,2007,-16.25,168.12,Ambrym,,
257040,15295,1,1996,2005,-16.25,168.12,Ambrym,,
257040,15290,1,1994,NaN,-16.25,168.12,Ambrym,,
257040,15289,2,1990,1991,-16.25,168.12,Ambrym,,
257040,15288,2,1989,1989,-16.25,168.12,Ambrym,,
257040,15287,3,1988,1988,-16.25,168.12,Ambrym,,
257040,15286,2,1986,1986,-16.25,168.12,Ambrym,10,11.3
257040,15285,2,1984,1986,-16.25,168.12,Ambrym,,
257040,15284,2,1983,NaN,-16.25,168.12,Ambrym,,
257040,15283,2,1981,1981,-16.25,168.12,Ambrym,,
257040,15282,3,1980,1980,-16.25,168.12,Ambrym,,
257040,15281,2,1979,1979,-16.25,168.12,Ambrym,,
257040,15280,2,1979,1979,-16.25,168.12,Ambrym,,
234000,14393,0,1995,NaN,-37.721,77.825,Boomerang Seamount,,
261140,22111,1,2015,2015,-0.381,100.473,Marapi,,
261140,20931,1,2014,2014,-0.381,100.473,Marapi,,
261140,20797,1,2012,2012,-0.381,100.473,Marapi,,
261140,20796,1,2012,2012,-0.381,100.473,Marapi,,
261140,20795,2,2011,2011,-0.381,100.473,Marapi,,
261140,15479,2,2004,2004,-0.381,100.473,Marapi,,
261140,15478,2,2001,2001,-0.381,100.473,Marapi,,
261140,15477,2,2000,2000,-0.381,100.473,Marapi,,
261140,15476,2,1999,1999,-0.381,100.473,Marapi,,
261140,15475,2,1987,1994,-0.381,100.473,Marapi,,
261140,15474,1,1984,1984,-0.381,100.473,Marapi,,
261140,15472,1,1983,NaN,-0.381,100.473,Marapi,,
261140,15471,1,1982,1982,-0.381,100.473,Marapi,,
261140,15470,1,1982,1982,-0.381,100.473,Marapi,,
261140,15469,1,1980,NaN,-0.381,100.473,Marapi,,
234011,14399,0,2005,NaN,-53.03,72.6,McDonald Islands,,
234011,14397,1,2001,NaN,-53.03,72.6,McDonald Islands,,
234011,14396,1,1996,1997,-53.03,72.6,McDonald Islands,,
234011,14395,0,1992,NaN,-53.03,72.6,McDonald Islands,,
300060,18973,1,2000,2000,52.449,158.196,Mutnovsky,,
300060,18972,2,2000,2000,52.449,158.196,Mutnovsky,,
264220,16328,1,1993,1993,-8.342,123.258,Iliboleng,,
264220,16327,1,1991,1991,-8.342,123.258,Iliboleng,,
264220,16326,1,1991,1991,-8.342,123.258,Iliboleng,,
264220,16325,2,1987,1987,-8.342,123.258,Iliboleng,,
264220,16324,1,1986,1986,-8.342,123.258,Iliboleng,,
264220,16323,2,1983,1984,-8.342,123.258,Iliboleng,,
264220,16322,2,1982,1982,-8.342,123.258,Iliboleng,,
341021,10377,0,1993,1994,18.78,-110.95,Socorro,,
234010,20768,0,2012,2017,-53.106,73.513,Heard,,
234010,14412,0,2006,2008,-53.106,73.513,Heard,,
234010,14410,0,2003,2004,-53.106,73.513,Heard,,
234010,14409,2,2000,2001,-53.106,73.513,Heard,,
234010,14408,2,1993,NaN,-53.106,73.513,Heard,,
234010,14407,0,1992,NaN,-53.106,73.513,Heard,,
234010,14405,2,1985,1987,-53.106,73.513,Heard,,
257050,15322,2,2007,2007,-16.507,168.346,Lopevi,,
257050,15321,2,2005,2006,-16.507,168.346,Lopevi,,
257050,15320,2,2005,2005,-16.507,168.346,Lopevi,,
257050,15319,2,2004,2004,-16.507,168.346,Lopevi,,
257050,15318,3,2003,2003,-16.507,168.346,Lopevi,,
257050,15317,3,2001,2001,-16.507,168.346,Lopevi,,
257050,15316,3,1998,2000,-16.507,168.346,Lopevi,,
257050,15315,2,1982,1982,-16.507,168.346,Lopevi,,
257050,15314,3,1980,1980,-16.507,168.346,Lopevi,,
257050,15313,2,1979,1979,-16.507,168.346,Lopevi,,
385052,13144,0,2001,2002,-32.958,-5.22,Unnamed,,
311320,20038,1,1992,NaN,54.134,-165.986,Akutan,,
311320,20037,2,1992,1992,54.134,-165.986,Akutan,,
311320,20036,2,1991,1991,54.134,-165.986,Akutan,,
311320,20035,2,1990,1990,54.134,-165.986,Akutan,,
311320,20034,2,1990,1990,54.134,-165.986,Akutan,,
311320,20033,2,1989,1989,54.134,-165.986,Akutan,,
311320,20032,2,1988,1988,54.134,-165.986,Akutan,,
311320,20031,2,1987,1987,54.134,-165.986,Akutan,,
311320,20030,2,1986,1986,54.134,-165.986,Akutan,,
311320,20029,2,1982,1983,54.134,-165.986,Akutan,,
311320,20028,2,1980,1980,54.134,-165.986,Akutan,,
321050,20560,-1,2004,2008,46.2,-122.18,St. Helens,35,16
321050,20559,3,1990,1991,46.2,-122.18,St. Helens,,
321050,20558,2,1989,1990,46.2,-122.18,St. Helens,,
321050,20557,5,1980,1986,46.2,-122.18,St. Helens,35,16
344090,22107,-1,2015,2016,12.423,-86.539,Momotombo,1.5,2
344100,22108,1,2015,2017,11.984,-86.161,Masaya,,
344100,22143,1,2012,2012,11.984,-86.161,Masaya,,
344100,11042,1,2008,2008,11.984,-86.161,Masaya,,
344100,11041,1,2006,2006,11.984,-86.161,Masaya,,
344100,11040,1,2005,2005,11.984,-86.161,Masaya,,
344100,11038,1,2003,2003,11.984,-86.161,Masaya,,
344100,11037,1,2001,2001,11.984,-86.161,Masaya,,
344100,11036,1,1999,2000,11.984,-86.161,Masaya,,
344100,11035,1,1998,1998,11.984,-86.161,Masaya,,
344100,11034,1,1997,1997,11.984,-86.161,Masaya,,
344100,11033,1,1996,1996,11.984,-86.161,Masaya,,
344100,11032,1,1993,1994,11.984,-86.161,Masaya,,
344100,11031,1,1989,1989,11.984,-86.161,Masaya,,
344100,11030,1,1987,1987,11.984,-86.161,Masaya,,
264230,20791,1,2012,2012,-8.272,123.505,Lewotolo,,
300070,19026,1,2010,2010,52.559,158.03,Gorely,,
300070,19025,2,1984,1986,52.559,158.03,Gorely,,
300070,19024,3,1980,1981,52.559,158.03,Gorely,,
263200,15793,1,2009,2009,-7.2,109.879,Dieng Volcanic Complex,,
263200,15792,1,2009,2009,-7.2,109.879,Dieng Volcanic Complex,,
263200,15791,1,2003,2003,-7.2,109.879,Dieng Volcanic Complex,,
263200,15790,1,1996,1996,-7.2,109.879,Dieng Volcanic Complex,,
263200,15789,1,1993,1993,-7.2,109.879,Dieng Volcanic Complex,,
263200,15788,1,1986,1986,-7.2,109.879,Dieng Volcanic Complex,,
263200,15787,1,1981,NaN,-7.2,109.879,Dieng Volcanic Complex,,
263200,15786,1,1979,1979,-7.2,109.879,Dieng Volcanic Complex,,
284193,18529,3,2010,2010,16.58,145.78,South Sarigan Seamount,,
283170,17913,1,1996,1996,37.647,140.281,Adatarayama,,
257060,15332,2,2004,2004,-16.68,168.37,Epi,,
257060,15331,1,2002,2002,-16.68,168.37,Epi,,
257060,15330,1,1999,NaN,-16.68,168.37,Epi,,
257060,15095,0,1979,NaN,-16.68,168.37,Epi,,
311340,20046,3,1991,1992,54.518,-164.65,Westdahl,,
383020,20769,2,2011,2012,27.73,-18.03,Hierro,,
261160,15499,-1,2007,2007,-0.979,100.681,Talang,1,8
261160,15498,2,2007,2007,-0.979,100.681,Talang,,
261160,15497,1,2006,2006,-0.979,100.681,Talang,,
261160,15496,2,2005,2005,-0.979,100.681,Talang,1,8
261160,15494,1,2001,2001,-0.979,100.681,Talang,,
284200,18538,-1,2007,2008,16.35,145.67,Anatahan,2324.2,3
284200,18537,2,2006,2006,16.35,145.67,Anatahan,,
284200,18536,3,2004,2005,16.35,145.67,Anatahan,,
284200,18535,3,2003,2003,16.35,145.67,Anatahan,,
284202,18534,0,1995,1995,15.62,145.57,Ruby,,
255020,15139,2,2000,2017,-6.137,155.196,Bagana,,
261170,22172,1,2016,2016,-1.697,101.264,Kerinci,,
261170,22125,2,2016,2016,-1.697,101.264,Kerinci,,
261170,22216,2,2013,2013,-1.697,101.264,Kerinci,,
261170,22217,1,2011,2011,-1.697,101.264,Kerinci,,
261170,15533,1,2009,2009,-1.697,101.264,Kerinci,,
261170,15532,1,2008,NaN,-1.697,101.264,Kerinci,,
261170,15531,1,2007,2007,-1.697,101.264,Kerinci,,
261170,15529,2,2004,2004,-1.697,101.264,Kerinci,,
261170,15528,2,2001,2002,-1.697,101.264,Kerinci,,
261170,15527,2,1999,1999,-1.697,101.264,Kerinci,,
261170,15526,2,1998,NaN,-1.697,101.264,Kerinci,,
261170,15525,2,1998,1998,-1.697,101.264,Kerinci,,
261170,15522,1,1996,1996,-1.697,101.264,Kerinci,,
261170,15521,2,1990,NaN,-1.697,101.264,Kerinci,,
233010,14208,-1,2007,2007,-11.75,43.38,Karthala,0.6,7.4
233010,14207,0,2006,2006,-11.75,43.38,Karthala,,
233010,14206,3,2005,2005,-11.75,43.38,Karthala,,
233010,14205,2,2005,2005,-11.75,43.38,Karthala,,
233010,14204,2,1991,1991,-11.75,43.38,Karthala,,
341040,20759,2,2013,2017,19.514,-103.62,Colima,,
341040,10475,3,1997,2011,19.514,-103.62,Colima,,
341040,10474,1,1994,1994,19.514,-103.62,Colima,,
341040,10473,2,1991,1991,19.514,-103.62,Colima,,
341040,10471,1,1987,1987,19.514,-103.62,Colima,,
341040,10470,1,1985,1986,19.514,-103.62,Colima,,
284211,18539,0,2003,2010,14.601,144.775,NW Rota-1,,
343100,22154,-1,2016,2016,13.434,-88.269,San Miguel,5,12.1
343100,22117,1,2016,2016,13.434,-88.269,San Miguel,,
343100,22233,1,2015,2015,13.434,-88.269,San Miguel,,
343100,20994,1,2015,2015,13.434,-88.269,San Miguel,,
343100,20906,2,2013,2014,13.434,-88.269,San Miguel,5,12.1
343100,10866,1,2002,2002,13.434,-88.269,San Miguel,,
343100,10865,1,1997,NaN,13.434,-88.269,San Miguel,,
343100,10864,1,1995,1995,13.434,-88.269,San Miguel,,
343100,10863,1,1985,1986,13.434,-88.269,San Miguel,,
290360,22153,-1,2016,2016,50.324,155.461,Chikurachki,5,5
290360,22127,2,2016,2016,50.324,155.461,Chikurachki,4,6.8
290360,20990,3,2015,2015,50.324,155.461,Chikurachki,5,8
290360,18860,2,2008,2008,50.324,155.461,Chikurachki,,
290360,18859,2,2007,2007,50.324,155.461,Chikurachki,,
290360,18858,2,2007,2007,50.324,155.461,Chikurachki,,
290360,18857,1,2005,2005,50.324,155.461,Chikurachki,5,5
290360,18856,2,2003,2003,50.324,155.461,Chikurachki,,
290360,18855,2,2002,2002,50.324,155.461,Chikurachki,,
290360,18854,4,1986,1986,50.324,155.461,Chikurachki,,
344120,11080,1,2009,2011,11.538,-85.622,Concepcion,,
344120,11077,1,2008,2008,11.538,-85.622,Concepcion,,
344120,11076,2,2007,2007,11.538,-85.622,Concepcion,,
344120,11075,1,2007,2007,11.538,-85.622,Concepcion,,
344120,11074,2,2006,2006,11.538,-85.622,Concepcion,,
344120,11073,2,2005,2005,11.538,-85.622,Concepcion,,
344120,11072,1,1999,1999,11.538,-85.622,Concepcion,,
344120,11071,2,1988,NaN,11.538,-85.622,Concepcion,,
344120,11070,1,1985,1986,11.538,-85.622,Concepcion,,
344120,11069,2,1984,1985,11.538,-85.622,Concepcion,,
344120,11068,2,1983,1983,11.538,-85.622,Concepcion,,
344120,11067,2,1982,1982,11.538,-85.622,Concepcion,,
264250,20912,0,2013,2013,-8.53,123.57,Iliwerung,,
264250,16350,0,1999,1999,-8.53,123.57,Iliwerung,,
264250,16349,2,1993,1993,-8.53,123.57,Iliwerung,,
264250,16348,1,1983,1983,-8.53,123.57,Iliwerung,,
300090,19045,-1,2008,2009,53.321,158.712,Koryaksky,2,4
233020,22145,-1,2016,2016,-21.244,55.708,"Fournaise, Piton de la",4,7.6
233020,22144,0,2016,2016,-21.244,55.708,"Fournaise, Piton de la",,
233020,20982,0,2015,2015,-21.244,55.708,"Fournaise, Piton de la",2,7.6
233020,20919,0,2014,2014,-21.244,55.708,"Fournaise, Piton de la",1,7.6
233020,14392,1,2010,2010,-21.244,55.708,"Fournaise, Piton de la",1,7.6
233020,14391,1,2009,2010,-21.244,55.708,"Fournaise, Piton de la",,
233020,14390,1,2008,2009,-21.244,55.708,"Fournaise, Piton de la",,
233020,14389,1,2006,2007,-21.244,55.708,"Fournaise, Piton de la",1,7.6
233020,14388,0,2005,2006,-21.244,55.708,"Fournaise, Piton de la",,
233020,14386,0,2005,2005,-21.244,55.708,"Fournaise, Piton de la",,
233020,14385,0,2004,2004,-21.244,55.708,"Fournaise, Piton de la",0.5,7.6
233020,14384,1,2003,2004,-21.244,55.708,"Fournaise, Piton de la",,
233020,14383,2,2002,2002,-21.244,55.708,"Fournaise, Piton de la",4,7.6
233020,14382,1,2002,2002,-21.244,55.708,"Fournaise, Piton de la",4,7.6
233020,14381,1,2001,2001,-21.244,55.708,"Fournaise, Piton de la",,
233020,14380,1,2001,2001,-21.244,55.708,"Fournaise, Piton de la",,
233020,14379,1,2000,2000,-21.244,55.708,"Fournaise, Piton de la",,
233020,14378,1,2000,2000,-21.244,55.708,"Fournaise, Piton de la",,
233020,14377,1,1999,1999,-21.244,55.708,"Fournaise, Piton de la",,
233020,14376,1,1998,1998,-21.244,55.708,"Fournaise, Piton de la",,
233020,14375,1,1992,1992,-21.244,55.708,"Fournaise, Piton de la",,
233020,14374,0,1991,1991,-21.244,55.708,"Fournaise, Piton de la",,
233020,14373,0,1990,1990,-21.244,55.708,"Fournaise, Piton de la",,
233020,14372,1,1985,1988,-21.244,55.708,"Fournaise, Piton de la",,
233020,14371,2,1983,1984,-21.244,55.708,"Fournaise, Piton de la",,
233020,14370,2,1981,1981,-21.244,55.708,"Fournaise, Piton de la",,
233020,14369,1,1979,1979,-21.244,55.708,"Fournaise, Piton de la",,
264260,16353,2,2007,2015,-7.791,123.585,"Tara, Batu",,
300100,19104,1,2001,2001,53.256,158.836,Avachinsky,,
300100,19103,2,1991,1991,53.256,158.836,Avachinsky,,
311360,20937,1,2014,2015,54.756,-163.97,Shishaldin,,
311360,20100,2,2004,2004,54.756,-163.97,Shishaldin,,
311360,20097,3,1999,1999,54.756,-163.97,Shishaldin,,
311360,20096,1,1998,1998,54.756,-163.97,Shishaldin,,
311360,20095,1,1997,1997,54.756,-163.97,Shishaldin,,
311360,20094,3,1995,1996,54.756,-163.97,Shishaldin,,
311360,20091,2,1993,1993,54.756,-163.97,Shishaldin,,
311360,20090,2,1986,1987,54.756,-163.97,Shishaldin,,
311360,20088,2,1979,NaN,54.756,-163.97,Shishaldin,,
290380,22176,2,2016,2017,50.686,156.014,Ebeko,,
290380,18879,1,2010,2010,50.686,156.014,Ebeko,,
290380,18878,1,2009,2009,50.686,156.014,Ebeko,,
290380,18877,2,2005,2005,50.686,156.014,Ebeko,,
290380,18876,1,1991,1991,50.686,156.014,Ebeko,,
290380,18875,2,1989,1990,50.686,156.014,Ebeko,,
290380,18874,1,1987,1988,50.686,156.014,Ebeko,,
264270,21086,1,2015,2015,-8.508,124.13,Sirung,,
264270,20819,2,2012,2012,-8.508,124.13,Sirung,,
342090,10733,-1,2002,2017,14.473,-90.88,Fuego,1,8
342090,10732,2,1999,2000,14.473,-90.88,Fuego,,
342090,10731,1,1987,1987,14.473,-90.88,Fuego,,
290390,21096,1,2015,2016,50.861,155.565,Alaid,,
290390,20750,2,2012,2012,50.861,155.565,Alaid,,
290390,18891,2,1996,NaN,50.861,155.565,Alaid,,
290390,18890,2,1986,1986,50.861,155.565,Alaid,,
290390,18889,2,1982,1982,50.861,155.565,Alaid,,
290390,18888,2,1981,NaN,50.861,155.565,Alaid,,
290390,18887,4,1981,1981,50.861,155.565,Alaid,,
234070,14414,1,2004,2004,-46.9,37.75,Marion Island,,
234070,14413,1,1980,NaN,-46.9,37.75,Marion Island,,
263250,20892,-1,2014,2014,-7.542,110.442,Merapi,300,17
263250,20842,2,2013,2013,-7.542,110.442,Merapi,,
263250,15925,4,2010,2012,-7.542,110.442,Merapi,300,17
263250,15923,1,2006,2007,-7.542,110.442,Merapi,,
263250,15922,2,1992,2002,-7.542,110.442,Merapi,,
263250,15917,2,1986,1990,-7.542,110.442,Merapi,,
255060,20920,1,2014,2014,-8.991,157.979,Kavachi,,
255060,15180,1,2007,2007,-8.991,157.979,Kavachi,,
255060,15179,1,2004,NaN,-8.991,157.979,Kavachi,,
255060,15178,1,1999,2003,-8.991,157.979,Kavachi,,
255060,15176,1,1999,1999,-8.991,157.979,Kavachi,,
255060,15174,1,1997,1997,-8.991,157.979,Kavachi,,
255060,15173,2,1991,1991,-8.991,157.979,Kavachi,,
255060,15172,1,1986,1986,-8.991,157.979,Kavachi,,
255060,15171,1,1985,1986,-8.991,157.979,Kavachi,,
255060,15170,2,1982,1982,-8.991,157.979,Kavachi,,
255060,15168,1,1980,1981,-8.991,157.979,Kavachi,,
300125,19125,3,1996,1996,53.98,159.45,Akademia Nauk,,
342110,22157,-1,2016,2017,14.382,-90.601,Pacaya,1,3
342110,20802,2,2013,2014,14.382,-90.601,Pacaya,,
342110,22213,3,2006,2010,14.382,-90.601,Pacaya,,
342110,19887,3,2004,2005,14.382,-90.601,Pacaya,,
342110,19886,1,2002,2002,14.382,-90.601,Pacaya,,
342110,19880,1,2001,2001,14.382,-90.601,Pacaya,,
342110,10763,1,2000,2001,14.382,-90.601,Pacaya,,
342110,10762,3,1990,2000,14.382,-90.601,Pacaya,,
300120,22177,-1,2016,2016,53.589,159.15,Zhupanovsky,10,10
300120,20908,3,2014,2016,53.589,159.15,Zhupanovsky,,
300120,20907,3,2013,2013,53.589,159.15,Zhupanovsky,,
300130,22178,2,2016,2016,54.049,159.443,Karymsky,,
300130,19187,3,2001,2016,54.049,159.443,Karymsky,,
300130,19186,3,1996,2000,54.049,159.443,Karymsky,,
341090,10556,-1,2005,2017,19.023,-98.622,Popocatepetl,7,13
341090,10552,2,2004,2004,19.023,-98.622,Popocatepetl,,
341090,10551,3,1996,2003,19.023,-98.622,Popocatepetl,,
341090,10550,2,1994,1995,19.023,-98.622,Popocatepetl,,
261220,15548,1,2000,2000,-3.522,102.615,Kaba,,
382050,19963,0,1998,2000,38.73,-27.32,Terceira,,
252010,22123,2,2016,2017,-5.525,148.42,Langila,,
252010,20788,1,2012,2012,-5.525,148.42,Langila,,
252010,15003,2,2009,2010,-5.525,148.42,Langila,,
252010,15002,2,2006,2008,-5.525,148.42,Langila,,
252010,15001,2,2005,2006,-5.525,148.42,Langila,,
252010,15000,2,2004,2004,-5.525,148.42,Langila,,
252010,14999,2,2004,2004,-5.525,148.42,Langila,,
252010,14998,2,2002,2003,-5.525,148.42,Langila,,
261230,15575,1,2009,2009,-4.03,103.13,Dempo,,
261230,15574,1,2006,2006,-4.03,103.13,Dempo,,
261230,15573,1,1994,1994,-4.03,103.13,Dempo,,
263280,20934,-1,2014,2014,-7.93,112.308,Kelut,200,19
263280,15958,2,2007,2008,-7.93,112.308,Kelut,,
263280,15957,4,1990,1990,-7.93,112.308,Kelut,,
273010,22151,-1,2016,2017,12.77,124.05,Bulusan,1,7
273010,22114,2,2016,2016,12.77,124.05,Bulusan,,
273010,21072,2,2015,2015,12.77,124.05,Bulusan,,
273010,16772,2,2010,2011,12.77,124.05,Bulusan,,
273010,16771,2,2006,2007,12.77,124.05,Bulusan,1,7
273010,16770,2,2006,2006,12.77,124.05,Bulusan,1,7
273010,16769,2,1994,1995,12.77,124.05,Bulusan,,
273010,16768,2,1988,1988,12.77,124.05,Bulusan,,
273010,16767,2,1983,1983,12.77,124.05,Bulusan,,
273010,16766,3,1981,1981,12.77,124.05,Bulusan,,
273010,16765,3,1979,1980,12.77,124.05,Bulusan,,
211060,20841,-1,2013,2017,37.748,14.999,Etna,9.3,4
211060,13854,1,2010,2013,37.748,14.999,Etna,,
211060,13853,2,2010,2010,37.748,14.999,Etna,,
211060,13852,1,2008,2009,37.748,14.999,Etna,,
211060,13849,2,2007,2008,37.748,14.999,Etna,6,6
211060,13848,2,2006,2006,37.748,14.999,Etna,9.3,4
211060,13847,1,2005,2005,37.748,14.999,Etna,,
211060,13846,1,2004,2005,37.748,14.999,Etna,,
211060,13838,1,2004,2004,37.748,14.999,Etna,,
211060,13837,1,2003,2003,37.748,14.999,Etna,,
211060,13836,3,2002,2003,37.748,14.999,Etna,,
211060,13835,1,2001,2002,37.748,14.999,Etna,,
211060,13832,2,2001,2001,37.748,14.999,Etna,,
211060,13831,3,1994,2001,37.748,14.999,Etna,,
211060,13827,1,1993,1993,37.748,14.999,Etna,,
211060,13826,1,1993,1993,37.748,14.999,Etna,,
211060,13825,2,1991,1993,37.748,14.999,Etna,,
211060,13821,3,1989,1992,37.748,14.999,Etna,,
211060,13820,2,1989,1989,37.748,14.999,Etna,,
211060,13819,1,1988,1989,37.748,14.999,Etna,,
211060,13818,2,1987,1987,37.748,14.999,Etna,,
211060,13817,2,1986,1987,37.748,14.999,Etna,,
211060,13816,2,1986,1986,37.748,14.999,Etna,,
211060,13815,1,1985,1985,37.748,14.999,Etna,,
211060,13814,1,1985,1985,37.748,14.999,Etna,,
211060,13813,3,1984,1986,37.748,14.999,Etna,,
211060,13812,1,1984,1984,37.748,14.999,Etna,,
211060,13811,1,1983,1983,37.748,14.999,Etna,,
211060,13810,2,1981,1981,37.748,14.999,Etna,,
211060,13809,2,1981,1981,37.748,14.999,Etna,,
211060,13808,2,1981,1981,37.748,14.999,Etna,,
211060,13807,3,1980,1980,37.748,14.999,Etna,,
211060,13806,3,1979,1980,37.748,14.999,Etna,,
211060,13805,2,1979,1992,37.748,14.999,Etna,,
360050,12348,-1,2005,2013,16.72,-62.18,Soufriere Hills,2,12
360050,12347,3,2004,2004,16.72,-62.18,Soufriere Hills,5,7
360050,12346,3,1995,2003,16.72,-62.18,Soufriere Hills,,
283260,18090,1,1997,1997,39.964,140.757,Akita-Yakeyama,,
283260,18089,1,1997,1997,39.964,140.757,Akita-Yakeyama,,
358020,21076,-1,2015,2015,-41.33,-72.618,Calbuco,400,20
273030,20959,0,2014,2014,13.257,123.685,Mayon,,
273030,20798,2,2013,2013,13.257,123.685,Mayon,,
273030,16819,2,2009,2010,13.257,123.685,Mayon,,
273030,16818,1,2008,2008,13.257,123.685,Mayon,,
273030,16817,1,2006,2006,13.257,123.685,Mayon,,
273030,16816,1,2006,2006,13.257,123.685,Mayon,,
273030,16815,0,2005,NaN,13.257,123.685,Mayon,,
273030,16814,1,2004,2004,13.257,123.685,Mayon,,
273030,16812,2,2003,2003,13.257,123.685,Mayon,,
273030,16811,1,2002,2002,13.257,123.685,Mayon,,
273030,16810,3,2001,2001,13.257,123.685,Mayon,,
273030,16809,2,2000,2000,13.257,123.685,Mayon,,
273030,16808,3,1999,2000,13.257,123.685,Mayon,,
273030,16807,2,1993,1993,13.257,123.685,Mayon,,
273030,16806,3,1984,1984,13.257,123.685,Mayon,,
341120,10610,-1,1982,1982,17.36,-93.228,"Chichon, El",8090,17
315020,20419,1,1999,1999,62.006,-144.017,Wrangell,,
263310,22103,-1,2015,2016,-7.942,112.95,Tengger Caldera,5,4
263310,16064,3,2010,2012,-7.942,112.95,Tengger Caldera,5,4
263310,16063,2,2004,2004,-7.942,112.95,Tengger Caldera,,
263310,16062,2,2000,2001,-7.942,112.95,Tengger Caldera,,
263310,16061,1,1995,1995,-7.942,112.95,Tengger Caldera,,
263310,16060,1,1995,1995,-7.942,112.95,Tengger Caldera,,
263310,16059,1,1984,1984,-7.942,112.95,Tengger Caldera,,
263310,16058,1,1983,1983,-7.942,112.95,Tengger Caldera,,
263310,16056,2,1980,1980,-7.942,112.95,Tengger Caldera,,
251020,20956,-1,2014,2017,-4.08,145.037,Manam,3,16
251020,14935,2,2010,2013,-4.08,145.037,Manam,,
251020,14934,4,2004,2009,-4.08,145.037,Manam,38,17
251020,14933,1,2003,2004,-4.08,145.037,Manam,,
251020,14932,1,2003,2003,-4.08,145.037,Manam,,
251020,14931,2,2002,NaN,-4.08,145.037,Manam,,
251020,14930,3,2002,2002,-4.08,145.037,Manam,,
251020,14929,2,2001,2001,-4.08,145.037,Manam,,
251020,14928,2,2000,2000,-4.08,145.037,Manam,,
341130,10621,1,1986,1986,15.132,-92.109,Tacana,,
272020,22106,-1,2015,2016,10.412,123.132,Kanlaon,10,12.4
272020,16638,2,2006,2006,10.412,123.132,Kanlaon,,
272020,16749,2,2005,2005,10.412,123.132,Kanlaon,,
272020,16748,1,2003,2003,10.412,123.132,Kanlaon,,
272020,16747,1,2002,2002,10.412,123.132,Kanlaon,,
272020,16746,2,1996,1996,10.412,123.132,Kanlaon,,
272020,16745,2,1993,1993,10.412,123.132,Kanlaon,,
272020,16744,2,1992,1992,10.412,123.132,Kanlaon,,
272020,16743,1,1992,1992,10.412,123.132,Kanlaon,,
272020,16742,2,1991,1991,10.412,123.132,Kanlaon,,
272020,16741,2,1989,1989,10.412,123.132,Kanlaon,,
272020,16740,1,1988,1988,10.412,123.132,Kanlaon,,
272020,16739,1,1987,1987,10.412,123.132,Kanlaon,,
272020,16738,2,1986,1986,10.412,123.132,Kanlaon,,
272020,16737,1,1985,1985,10.412,123.132,Kanlaon,10,12.4
272020,16736,1,1985,1985,10.412,123.132,Kanlaon,10,12.4
272020,16735,2,1980,NaN,10.412,123.132,Kanlaon,,
251030,20910,1,2014,2014,-4.649,145.964,Karkar,,
251030,20779,3,2013,2013,-4.649,145.964,Karkar,,
251030,20778,3,2012,2012,-4.649,145.964,Karkar,,
251030,14948,2,1979,1979,-4.649,145.964,Karkar,,
284305,21102,0,2013,2015,15.406,144.506,Mariana Back-Arc Segment at 15.5�N,,
357010,11899,2,1987,1987,-33.425,-69.797,Tupungatito,,
357010,11898,1,1986,1986,-33.425,-69.797,Tupungatito,,
357010,20561,2,1980,1980,-33.425,-69.797,Tupungatito,,
358041,12271,4,2008,2011,-42.833,-72.646,Chaiten,,
360101,12374,1,1997,1997,15.307,-61.305,"Watt, Morne",,
252070,15009,-1,2008,2008,-5.416,150.027,Krummel-Garbuna-Welcker,1,3
252070,15008,1,2008,2008,-5.416,150.027,Krummel-Garbuna-Welcker,,
252070,15007,2,2005,2005,-5.416,150.027,Krummel-Garbuna-Welcker,,
263340,21070,3,2015,2015,-8.119,114.056,Raung,,
263340,16166,2,2008,2008,-8.119,114.056,Raung,,
263340,16165,2,2007,2007,-8.119,114.056,Raung,,
263340,16162,2,2002,2002,-8.119,114.056,Raung,,
263340,16161,2,2000,2000,-8.119,114.056,Raung,,
263340,16156,2,1999,NaN,-8.119,114.056,Raung,,
263340,16155,2,1997,NaN,-8.119,114.056,Raung,,
263340,16153,1,1995,1995,-8.119,114.056,Raung,,
263340,16152,1,1994,1994,-8.119,114.056,Raung,,
263340,16151,1,1993,NaN,-8.119,114.056,Raung,,
263340,16150,2,1991,1991,-8.119,114.056,Raung,,
263340,16149,2,1990,1990,-8.119,114.056,Raung,,
263340,16148,1,1987,1989,-8.119,114.056,Raung,,
263340,16147,2,1985,1986,-8.119,114.056,Raung,,
263340,16146,3,1982,1982,-8.119,114.056,Raung,,
358061,12306,2,1988,NaN,-49.358,-73.28,Viedma,,
251050,14965,1,1993,1993,-5.358,147.12,Long Island,,
358060,12322,2,1979,NaN,-49.02,-73.55,Lautaro,,
358057,20770,-1,2011,2011,-45.9,-72.97,"Hudson, Cerro",1,11.9
358057,12299,5,1991,1991,-45.9,-72.97,"Hudson, Cerro",,
358059,12300,1,1979,NaN,-47.2,-73.48,Arenales,,
263350,16175,1,1999,1999,-8.058,114.242,Ijen,,
263350,16174,1,1994,1994,-8.058,114.242,Ijen,,
263350,16173,1,1993,1993,-8.058,114.242,Ijen,,
252080,20805,2,2012,2012,-5.576,150.516,Witori,,
252080,15029,1,2007,2007,-5.576,150.516,Witori,,
252080,15027,3,2002,2003,-5.576,150.516,Witori,,
357040,20808,-1,2011,2011,-35.223,-70.568,Planchon-Peteroa,1,6
357040,11947,2,2010,2010,-35.223,-70.568,Planchon-Peteroa,,
357040,11946,1,1998,1998,-35.223,-70.568,Planchon-Peteroa,,
357040,11945,2,1991,1991,-35.223,-70.568,Planchon-Peteroa,,
313010,20273,-1,2005,2006,59.363,-153.43,Augustine,20,15
313010,20262,4,1986,1986,59.363,-153.43,Augustine,20,15
377020,12976,2,1999,1999,85.608,85.25,East Gakkel Ridge at 85�E,,
251070,14977,1,2007,2007,-5.519,148.115,Ritter Island,,
251070,14976,1,2006,2006,-5.519,148.115,Ritter Island,,
273083,16869,-1,1993,1993,15.13,120.35,Pinatubo,18194,19
273083,16868,1,1992,1992,15.13,120.35,Pinatubo,,
273083,16867,6,1991,1991,15.13,120.35,Pinatubo,18194,19
300230,19264,3,2010,2013,55.131,160.32,Kizimen,,
313030,20391,3,2009,2009,60.485,-152.742,Redoubt,,
313030,20390,3,1989,1990,60.485,-152.742,Redoubt,,
357070,22119,2,2016,2017,-36.863,-71.377,"Chillan, Nevados de",,
357070,11992,1,2003,2003,-36.863,-71.377,"Chillan, Nevados de",,
376010,12972,0,1985,1985,71.087,-8.146,Jan Mayen,,
354006,22158,3,2016,2017,-15.787,-71.857,Sabancaya,,
354006,21089,1,2015,2015,-15.787,-71.857,Sabancaya,,
354006,11752,2,2003,2003,-15.787,-71.857,Sabancaya,,
354006,11751,2,2000,2000,-15.787,-71.857,Sabancaya,,
354006,11750,3,1990,1998,-15.787,-71.857,Sabancaya,,
354006,11749,1,1988,1988,-15.787,-71.857,Sabancaya,,
354006,11747,1,1986,NaN,-15.787,-71.857,Sabancaya,,
360150,12455,-1,1979,1979,13.33,-61.18,Soufri�re St. Vincent,3,18
300240,20825,4,2012,2013,55.832,160.326,Tolbachik,,
313040,20399,-1,1992,1992,61.299,-152.251,Spurr,250,18
333010,10302,0,1985,1985,-17.564,-148.821,Teahitia,,
333010,10301,0,1983,1984,-17.564,-148.821,Teahitia,,
333010,10300,0,1983,1983,-17.564,-148.821,Teahitia,,
333010,10299,0,1982,1982,-17.564,-148.821,Teahitia,,
312030,22129,-1,2016,2016,55.417,-161.894,Pavlof,70,16
312030,20975,1,2014,2014,55.417,-161.894,Pavlof,10,12.5
312030,20909,3,2014,2014,55.417,-161.894,Pavlof,10,12.5
312030,20807,3,2013,2013,55.417,-161.894,Pavlof,5,12.5
312030,20153,2,2007,2007,55.417,-161.894,Pavlof,,
312030,20151,2,1996,1997,55.417,-161.894,Pavlof,,
312030,20150,2,1990,1990,55.417,-161.894,Pavlof,,
312030,20149,3,1986,1988,55.417,-161.894,Pavlof,70,16
312030,20148,3,1983,1983,55.417,-161.894,Pavlof,,
312030,20147,2,1983,1983,55.417,-161.894,Pavlof,,
312030,20145,3,1981,1981,55.417,-161.894,Pavlof,,
312030,20144,1,1981,1981,55.417,-161.894,Pavlof,,
312030,20143,3,1980,1980,55.417,-161.894,Pavlof,,
312030,20142,1,1980,NaN,55.417,-161.894,Pavlof,,
252120,22171,-1,2016,2016,-5.05,151.33,Ulawun,200,20
252120,20835,1,2013,2013,-5.05,151.33,Ulawun,,
252120,20834,1,2012,2012,-5.05,151.33,Ulawun,,
252120,20833,1,2012,2012,-5.05,151.33,Ulawun,,
252120,15077,2,2010,2011,-5.05,151.33,Ulawun,,
252120,15075,2,2007,2007,-5.05,151.33,Ulawun,,
252120,15074,2,2006,2007,-5.05,151.33,Ulawun,,
252120,15073,2,2005,2005,-5.05,151.33,Ulawun,,
252120,15072,2,2004,2004,-5.05,151.33,Ulawun,,
252120,15071,2,2003,2003,-5.05,151.33,Ulawun,,
252120,15066,2,2002,2002,-5.05,151.33,Ulawun,10,12.3
252120,15065,2,2001,2001,-5.05,151.33,Ulawun,30,14
252120,15064,3,2001,2001,-5.05,151.33,Ulawun,30,14
252120,15063,4,2000,2000,-5.05,151.33,Ulawun,37,16
252120,15062,1,1999,1999,-5.05,151.33,Ulawun,,
252120,15061,1,1994,1994,-5.05,151.33,Ulawun,,
252120,15060,2,1993,1993,-5.05,151.33,Ulawun,,
252120,15059,2,1989,1989,-5.05,151.33,Ulawun,,
252120,15058,3,1985,1985,-5.05,151.33,Ulawun,,
252120,15057,1,1984,1985,-5.05,151.33,Ulawun,,
252120,15056,1,1984,1984,-5.05,151.33,Ulawun,,
252120,15055,1,1983,1984,-5.05,151.33,Ulawun,,
252120,15054,3,1980,1980,-5.05,151.33,Ulawun,200,20
334040,10326,0,2003,2003,10.73,-103.58,Northern EPR at 10.7�N,,
300250,19388,-1,2010,2017,55.972,160.595,Bezymianny,10,12.9
300250,19387,3,2009,2010,55.972,160.595,Bezymianny,1,15
300250,19386,3,2008,2008,55.972,160.595,Bezymianny,,
300250,19385,3,2007,2007,55.972,160.595,Bezymianny,5,10
300250,19384,3,2006,2006,55.972,160.595,Bezymianny,5,15
300250,19383,2,2005,2005,55.972,160.595,Bezymianny,,
300250,19382,3,2004,2005,55.972,160.595,Bezymianny,1,6
300250,19381,3,2003,2003,55.972,160.595,Bezymianny,2,11
300250,19380,2,2002,2002,55.972,160.595,Bezymianny,,
300250,19379,2,2001,2002,55.972,160.595,Bezymianny,,
300250,19378,3,2001,2001,55.972,160.595,Bezymianny,,
300250,19377,2,2000,2000,55.972,160.595,Bezymianny,,
300250,19376,2,2000,2000,55.972,160.595,Bezymianny,,
300250,19375,2,1999,1999,55.972,160.595,Bezymianny,,
300250,19374,0,1998,1998,55.972,160.595,Bezymianny,,
300250,19373,3,1997,1997,55.972,160.595,Bezymianny,,
300250,19372,3,1997,1997,55.972,160.595,Bezymianny,,
300250,19371,0,1996,1996,55.972,160.595,Bezymianny,,
300250,19370,3,1995,1995,55.972,160.595,Bezymianny,,
300250,19369,2,1994,1994,55.972,160.595,Bezymianny,,
300250,19368,3,1993,1994,55.972,160.595,Bezymianny,,
300250,19367,2,1992,1992,55.972,160.595,Bezymianny,,
300250,19366,3,1990,1991,55.972,160.595,Bezymianny,,
300250,19365,2,1989,1989,55.972,160.595,Bezymianny,,
300250,19364,3,1986,1988,55.972,160.595,Bezymianny,,
300250,19363,2,1986,1986,55.972,160.595,Bezymianny,,
300250,19362,3,1985,1985,55.972,160.595,Bezymianny,10,12.9
300250,19361,3,1984,1984,55.972,160.595,Bezymianny,,
300250,19360,3,1981,1983,55.972,160.595,Bezymianny,,
300250,19356,2,1980,1980,55.972,160.595,Bezymianny,,
300250,19355,3,1980,1980,55.972,160.595,Bezymianny,,
300250,19354,2,1979,NaN,55.972,160.595,Bezymianny,,
300250,19353,3,1979,NaN,55.972,160.595,Bezymianny,,
354010,11774,1,1985,NaN,-16.294,-71.409,"Misti, El",,
300260,21095,-1,2015,2017,56.056,160.642,Klyuchevskoy,10,10
300260,20992,2,2015,2015,56.056,160.642,Klyuchevskoy,,
300260,20786,1,2013,2013,56.056,160.642,Klyuchevskoy,2,12
300260,20785,1,2012,2013,56.056,160.642,Klyuchevskoy,,
300260,20783,1,2011,2011,56.056,160.642,Klyuchevskoy,,
300260,19485,2,2009,2010,56.056,160.642,Klyuchevskoy,,
300260,19484,1,2008,2009,56.056,160.642,Klyuchevskoy,,
300260,19483,2,2007,2007,56.056,160.642,Klyuchevskoy,,
300260,19482,2,2005,2005,56.056,160.642,Klyuchevskoy,,
300260,19481,1,2004,2004,56.056,160.642,Klyuchevskoy,,
300260,19480,2,2002,2004,56.056,160.642,Klyuchevskoy,,
300260,19479,2,2002,2002,56.056,160.642,Klyuchevskoy,,
300260,19478,2,2000,2000,56.056,160.642,Klyuchevskoy,,
300260,19477,2,2000,2000,56.056,160.642,Klyuchevskoy,,
300260,19476,2,1999,1999,56.056,160.642,Klyuchevskoy,,
300260,19475,2,1998,1998,56.056,160.642,Klyuchevskoy,,
300260,19474,1,1997,1997,56.056,160.642,Klyuchevskoy,,
300260,19473,2,1996,1997,56.056,160.642,Klyuchevskoy,,
300260,19472,3,1994,1995,56.056,160.642,Klyuchevskoy,150,15
300260,19471,2,1992,1993,56.056,160.642,Klyuchevskoy,,
300260,19470,2,1992,1992,56.056,160.642,Klyuchevskoy,,
300260,19469,2,1991,1991,56.056,160.642,Klyuchevskoy,,
300260,19468,4,1986,1990,56.056,160.642,Klyuchevskoy,,
300260,19467,2,1986,1986,56.056,160.642,Klyuchevskoy,,
300260,19466,3,1985,1986,56.056,160.642,Klyuchevskoy,,
300260,19465,3,1984,1985,56.056,160.642,Klyuchevskoy,,
300260,19464,2,1982,1983,56.056,160.642,Klyuchevskoy,,
300260,19463,1,1982,1982,56.056,160.642,Klyuchevskoy,,
300260,19461,1,1981,1981,56.056,160.642,Klyuchevskoy,,
354020,22181,2,2016,2016,-16.355,-70.903,Ubinas,,
354020,20832,2,2013,2016,-16.355,-70.903,Ubinas,,
354020,11791,2,2006,2009,-16.355,-70.903,Ubinas,,
360160,21090,0,2015,2015,12.3,-61.64,Kick 'em Jenny,,
360160,12468,0,2001,2001,12.3,-61.64,Kick 'em Jenny,,
360160,12467,0,1990,1990,12.3,-61.64,Kick 'em Jenny,,
360160,12466,0,1988,1988,12.3,-61.64,Kick 'em Jenny,,
332000,20732,0,1996,1996,18.92,-155.27,Loihi,,
355040,11828,2,1995,1995,-20.73,-68.55,Irruputuncu,,
357091,11997,1,1980,1980,-37.92,-71.45,Callaqui,,
357090,21098,2,2015,2016,-37.856,-71.183,Copahue,,
357090,20954,1,2014,2014,-37.856,-71.183,Copahue,,
357090,20760,2,2012,2013,-37.856,-71.183,Copahue,,
357090,12011,2,2000,2000,-37.856,-71.183,Copahue,,
357090,12010,2,1995,NaN,-37.856,-71.183,Copahue,,
357090,12009,2,1994,NaN,-37.856,-71.183,Copahue,,
357090,12008,2,1992,1993,-37.856,-71.183,Copahue,,
334050,10346,0,2005,2006,9.83,-104.3,Northern EPR at 9.8�N,,
334050,10345,0,1991,1992,9.83,-104.3,Northern EPR at 9.8�N,,
334050,10344,0,1991,NaN,9.83,-104.3,Northern EPR at 9.8�N,,
334050,10340,0,1988,NaN,9.83,-104.3,Northern EPR at 9.8�N,,
311020,19667,2,1990,1990,52.103,177.602,Kiska,,
357100,12016,3,1988,1990,-38.379,-71.586,Lonquimay,,
300270,19594,-1,1999,2017,56.653,161.36,Sheveluch,1,11
300270,19588,2,1999,1999,56.653,161.36,Sheveluch,,
300270,19587,3,1998,1998,56.653,161.36,Sheveluch,,
300270,19586,2,1997,1997,56.653,161.36,Sheveluch,,
300270,19585,3,1990,1995,56.653,161.36,Sheveluch,,
300270,19567,2,1989,1989,56.653,161.36,Sheveluch,,
300270,19584,2,1988,1988,56.653,161.36,Sheveluch,,
300270,19583,3,1986,1988,56.653,161.36,Sheveluch,,
300270,19582,2,1985,1985,56.653,161.36,Sheveluch,,
300270,19581,2,1984,1984,56.653,161.36,Sheveluch,,
300270,19580,1,1980,1981,56.653,161.36,Sheveluch,,
290030,18743,2,1981,1981,44.353,146.252,Chachadake [Tiatia],,
252140,20957,-1,2014,2014,-4.271,152.203,Rabaul,200,20
252140,20811,2,2013,2014,-4.271,152.203,Rabaul,,
252140,20810,2,2011,2011,-4.271,152.203,Rabaul,,
252140,15101,1,2010,2010,-4.271,152.203,Rabaul,,
252140,15100,4,2006,2010,-4.271,152.203,Rabaul,300,18
252140,15099,2,2005,2006,-4.271,152.203,Rabaul,,
252140,15098,2,2002,2004,-4.271,152.203,Rabaul,,
252140,15097,2,1995,2001,-4.271,152.203,Rabaul,,
252140,15096,4,1994,1995,-4.271,152.203,Rabaul,200,20
332010,10119,-1,1983,2017,19.421,-155.287,Kilauea,5.5,5.2
332010,10118,0,1982,1982,19.421,-155.287,Kilauea,,
332010,10117,0,1982,1982,19.421,-155.287,Kilauea,,
332010,10116,0,1980,1980,19.421,-155.287,Kilauea,,
332010,10115,0,1979,1979,19.421,-155.287,Kilauea,,
332020,10226,0,1984,1984,19.475,-155.608,Mauna Loa,,
357110,12077,-1,2008,2009,-38.692,-71.729,Llaima,10,4
357110,12076,2,2007,2007,-38.692,-71.729,Llaima,,
357110,12075,2,2003,2003,-38.692,-71.729,Llaima,,
357110,12074,1,2002,NaN,-38.692,-71.729,Llaima,,
357110,12073,2,1998,NaN,-38.692,-71.729,Llaima,,
357110,12072,2,1998,1998,-38.692,-71.729,Llaima,,
357110,12071,1,1997,1997,-38.692,-71.729,Llaima,,
357110,12070,2,1995,1995,-38.692,-71.729,Llaima,,
357110,12069,2,1994,1994,-38.692,-71.729,Llaima,,
357110,12068,1,1992,1992,-38.692,-71.729,Llaima,,
357110,12067,1,1990,1990,-38.692,-71.729,Llaima,,
357110,12066,2,1984,1984,-38.692,-71.729,Llaima,,
357110,12065,2,1979,1979,-38.692,-71.729,Llaima,,
334070,10348,0,1996,NaN,0.792,-86.15,Galapagos Rift,,
353010,11677,-1,2009,2009,-0.37,-91.55,Fernandina,521,3
353010,11676,2,2005,2005,-0.37,-91.55,Fernandina,,
353010,11675,2,1995,1995,-0.37,-91.55,Fernandina,,
353010,11674,2,1991,1991,-0.37,-91.55,Fernandina,,
353010,11673,2,1988,1988,-0.37,-91.55,Fernandina,,
353010,11672,1,1984,NaN,-0.37,-91.55,Fernandina,,
353010,11671,0,1981,NaN,-0.37,-91.55,Fernandina,,
312060,20155,1,1987,1987,56.011,-159.797,Kupreanof,,
353020,21075,-1,2015,2015,0.02,-91.35,Wolf,1080,4
353020,11690,1,1982,1982,0.02,-91.35,Wolf,1080,4
268030,16582,1,2008,2017,1.488,127.63,Ibu,,
268030,16581,0,2004,2005,1.488,127.63,Ibu,,
268030,16580,0,2001,2001,1.488,127.63,Ibu,,
268030,16579,2,1998,1999,1.488,127.63,Ibu,,
333060,10323,0,1987,1989,-28.98,-140.25,Macdonald,,
333060,10322,0,1986,1986,-28.98,-140.25,Macdonald,,
333060,10321,0,1983,1984,-28.98,-140.25,Macdonald,,
333060,10320,0,1983,1983,-28.98,-140.25,Macdonald,,
333060,10319,0,1982,1982,-28.98,-140.25,Macdonald,,
333060,10318,0,1980,1981,-28.98,-140.25,Macdonald,,
333060,10317,0,1980,1980,-28.98,-140.25,Macdonald,,
333060,10316,0,1979,1979,-28.98,-140.25,Macdonald,,
312070,20836,-1,2013,2013,56.17,-159.38,Veniaminof,5,7
312070,20178,1,2008,2008,56.17,-159.38,Veniaminof,,
312070,20177,1,2006,2006,56.17,-159.38,Veniaminof,,
312070,20176,1,2005,2005,56.17,-159.38,Veniaminof,,
312070,20175,2,2005,2005,56.17,-159.38,Veniaminof,,
312070,20174,2,2004,2004,56.17,-159.38,Veniaminof,,
312070,20173,1,2002,2003,56.17,-159.38,Veniaminof,,
312070,20172,1,1995,1995,56.17,-159.38,Veniaminof,,
312070,20171,1,1995,1995,56.17,-159.38,Veniaminof,,
312070,20170,2,1993,1994,56.17,-159.38,Veniaminof,,
312070,20169,1,1987,1987,56.17,-159.38,Veniaminof,,
312070,20168,2,1984,1984,56.17,-159.38,Veniaminof,,
312070,20167,3,1983,1984,56.17,-159.38,Veniaminof,,
357120,20996,-1,2014,2017,-39.42,-71.93,Villarrica,5,10
357120,20838,1,2013,2013,-39.42,-71.93,Villarrica,,
357120,12184,1,2009,2012,-39.42,-71.93,Villarrica,,
357120,12183,1,2009,2009,-39.42,-71.93,Villarrica,,
357120,12182,1,2008,NaN,-39.42,-71.93,Villarrica,,
357120,12181,1,2004,2007,-39.42,-71.93,Villarrica,,
357120,12180,1,2003,2004,-39.42,-71.93,Villarrica,,
357120,12179,1,1998,2002,-39.42,-71.93,Villarrica,,
357120,12178,1,1996,1997,-39.42,-71.93,Villarrica,,
357120,12174,1,1996,NaN,-39.42,-71.93,Villarrica,,
357120,12173,1,1995,1995,-39.42,-71.93,Villarrica,,
357120,12172,1,1994,1994,-39.42,-71.93,Villarrica,,
357120,12171,1,1992,1992,-39.42,-71.93,Villarrica,,
357120,12170,2,1991,1991,-39.42,-71.93,Villarrica,,
357120,12169,2,1984,1985,-39.42,-71.93,Villarrica,,
357120,12168,1,1983,1983,-39.42,-71.93,Villarrica,,
357120,12167,2,1980,1980,-39.42,-71.93,Villarrica,,
267010,16493,-1,2002,2002,2.3,125.37,Ruang,80,22
331021,21092,0,2015,2015,45.95,-130,Axial Seamount,,
331021,20921,0,2011,2011,45.95,-130,Axial Seamount,,
331021,20713,0,1998,1998,45.95,-130,Axial Seamount,,
267020,20914,2,2014,2016,2.781,125.407,Karangetang,,
267020,20913,1,2014,2014,2.781,125.407,Karangetang,,
267020,20776,2,2012,2013,2.781,125.407,Karangetang,,
267020,20775,2,2011,2011,2.781,125.407,Karangetang,,
267020,16544,3,2010,2010,2.781,125.407,Karangetang,,
267020,16543,2,2008,2010,2.781,125.407,Karangetang,,
267020,16541,1,2006,2007,2.781,125.407,Karangetang,,
267020,16540,2,2004,2005,2.781,125.407,Karangetang,,
267020,16539,3,1999,2003,2.781,125.407,Karangetang,,
267020,16538,1,1998,NaN,2.781,125.407,Karangetang,,
267020,16537,1,1996,1997,2.781,125.407,Karangetang,,
267020,16536,1,1995,1995,2.781,125.407,Karangetang,,
267020,16535,2,1991,1993,2.781,125.407,Karangetang,,
267020,16534,1,1989,1989,2.781,125.407,Karangetang,,
267020,16533,3,1983,1988,2.781,125.407,Karangetang,,
267020,16532,1,1982,NaN,2.781,125.407,Karangetang,,
267020,16531,1,1980,1980,2.781,125.407,Karangetang,,
267020,16530,1,1979,1979,2.781,125.407,Karangetang,,
224010,14135,-1,2000,2000,4.203,9.17,Cameroon,3,9.1
224010,14134,2,1999,1999,4.203,9.17,Cameroon,,
224010,14133,1,1989,1989,4.203,9.17,Cameroon,,
224010,14132,2,1982,1982,4.203,9.17,Cameroon,3,9.1
331020,20712,0,1993,1993,46.52,-129.58,CoAxial Segment,,
331020,20711,0,1986,NaN,46.52,-129.58,CoAxial Segment,,
268040,16595,-1,2007,2007,1.38,127.53,Gamkonora,1,6
268040,16594,1,1987,1987,1.38,127.53,Gamkonora,,
268040,16593,1,1981,1981,1.38,127.53,Gamkonora,,
352010,11449,-1,2008,2017,-0.077,-77.656,Reventador,84,17
352010,11448,2,2007,2007,-0.077,-77.656,Reventador,,
352010,11447,2,2004,2006,-0.077,-77.656,Reventador,,
352010,11446,4,2002,2003,-0.077,-77.656,Reventador,84,17
311060,19673,2,1987,NaN,51.93,179.58,Semisopochnoi,,
352020,11499,1,2002,2002,-0.171,-78.598,Guagua Pichincha,,
352020,11498,1,2002,2002,-0.171,-78.598,Guagua Pichincha,,
352020,11497,1,2001,2001,-0.171,-78.598,Guagua Pichincha,,
352020,11496,3,1998,2001,-0.171,-78.598,Guagua Pichincha,,
352020,11495,1,1997,1997,-0.171,-78.598,Guagua Pichincha,,
352020,11494,1,1993,1993,-0.171,-78.598,Guagua Pichincha,,
352020,11493,1,1990,1990,-0.171,-78.598,Guagua Pichincha,,
352020,11492,1,1985,1985,-0.171,-78.598,Guagua Pichincha,,
352020,11491,1,1981,1982,-0.171,-78.598,Guagua Pichincha,,
357140,12189,2,1979,1979,-40.35,-72.07,Carr�n-Los Venados,,
290070,20762,2,2013,2013,45.012,147.871,Etorofu-Yakeyama [Grozny Group],,
290070,20761,2,2012,2012,45.012,147.871,Etorofu-Yakeyama [Grozny Group],,
290070,18754,2,1989,1989,45.012,147.871,Etorofu-Yakeyama [Grozny Group],,
331031,20722,0,1996,1996,42.67,-126.78,North Gorda Ridge Segment,,
331030,20719,0,1986,NaN,44.83,-130.3,Cleft Segment,,
331030,20718,0,1982,NaN,44.83,-130.3,Cleft Segment,,
353040,11696,1,1993,NaN,-0.43,-91.12,Alcedo,,
373010,20767,-1,2011,2011,64.416,-17.316,Grimsvotn,10,10
373010,12842,3,2004,2004,64.416,-17.316,Grimsvotn,,
373010,12841,3,1998,1998,64.416,-17.316,Grimsvotn,,
373010,12840,3,1996,1996,64.416,-17.316,Grimsvotn,10,10
373010,12838,2,1983,1983,64.416,-17.316,Grimsvotn,,
268060,22150,-1,2016,2016,0.8,127.33,Gamalama,5,11.7
268060,21087,2,2015,2015,0.8,127.33,Gamalama,,
268060,20989,2,2014,2014,0.8,127.33,Gamalama,,
268060,20766,1,2012,2012,0.8,127.33,Gamalama,,
268060,20765,2,2011,2011,0.8,127.33,Gamalama,,
268060,16675,2,2003,2003,0.8,127.33,Gamalama,5,11.7
268060,16674,2,1996,NaN,0.8,127.33,Gamalama,,
268060,16673,2,1994,1994,0.8,127.33,Gamalama,,
268060,16672,2,1993,1993,0.8,127.33,Gamalama,,
268060,16670,3,1990,1990,0.8,127.33,Gamalama,,
268060,16669,2,1988,1988,0.8,127.33,Gamalama,,
268060,16668,3,1983,1983,0.8,127.33,Gamalama,,
268060,16667,2,1980,1980,0.8,127.33,Gamalama,,
355100,22110,-1,2015,2017,-23.37,-67.73,Lascar,450,16
355100,20789,1,2013,2013,-23.37,-67.73,Lascar,,
355100,11878,3,2006,2007,-23.37,-67.73,Lascar,2,8
355100,11877,3,2005,2005,-23.37,-67.73,Lascar,3,10
355100,11875,2,2002,2002,-23.37,-67.73,Lascar,,
355100,11873,2,2000,2001,-23.37,-67.73,Lascar,,
355100,11872,2,1996,1996,-23.37,-67.73,Lascar,,
355100,11871,2,1994,1995,-23.37,-67.73,Lascar,,
355100,11870,2,1994,1994,-23.37,-67.73,Lascar,,
355100,11869,2,1993,1994,-23.37,-67.73,Lascar,450,16
355100,11868,4,1993,1993,-23.37,-67.73,Lascar,450,16
355100,11867,2,1991,1992,-23.37,-67.73,Lascar,,
355100,11866,1,1990,1990,-23.37,-67.73,Lascar,,
355100,11865,3,1987,1990,-23.37,-67.73,Lascar,,
355100,11864,3,1986,1986,-23.37,-67.73,Lascar,,
355100,11863,0,1984,1985,-23.37,-67.73,Lascar,,
311070,19688,1,1989,NaN,51.79,-178.794,Gareloi,,
311070,19687,1,1987,NaN,51.79,-178.794,Gareloi,,
311070,19686,3,1982,1982,51.79,-178.794,Gareloi,,
311070,19685,3,1980,1980,51.79,-178.794,Gareloi,,
357150,20809,-1,2011,2012,-40.59,-72.117,Puyehue-Cordon Caulle,200,14
357150,12216,1,1990,NaN,-40.59,-72.117,Puyehue-Cordon Caulle,,
266010,16423,-1,1983,1983,-0.162,121.601,Colo,200,15
353050,11713,-1,2005,2005,-0.83,-91.17,"Negra, Sierra",2524,14
353050,11712,3,1979,1980,-0.83,-91.17,"Negra, Sierra",2524,14
266020,20947,1,2005,NaN,0.75,124.42,Ambang,,
353060,11720,-1,2008,2008,-0.92,-91.408,"Azul, Cerro",358,2
353060,11729,1,1998,1998,-0.92,-91.408,"Azul, Cerro",714,15
353060,11728,2,1979,1979,-0.92,-91.408,"Azul, Cerro",358,2
268070,16689,-1,1988,1988,0.32,127.4,Makian,50,16
373030,20955,0,2014,2015,64.633,-17.516,Bardarbunga,,
244000,14803,0,2003,NaN,-14.215,-169.058,Vailulu'u,,
244000,14802,0,1995,1995,-14.215,-169.058,Vailulu'u,,
267040,16570,2,2004,2004,3.67,125.5,Awu,,
267040,16569,1,1992,NaN,3.67,125.5,Awu,,
351020,20995,-1,2014,2017,4.892,-75.324,"Ruiz, Nevado del",660,25
351020,20814,3,2012,2013,4.892,-75.324,"Ruiz, Nevado del",,
351020,11290,3,1985,1991,4.892,-75.324,"Ruiz, Nevado del",660,25
351020,11289,1,1984,1985,4.892,-75.324,"Ruiz, Nevado del",,
266030,22105,-1,2016,2016,1.112,124.737,Soputan,90,15
266030,20988,3,2015,2015,1.112,124.737,Soputan,2,6
266030,20821,3,2012,2012,1.112,124.737,Soputan,2,12
266030,20820,3,2011,2011,1.112,124.737,Soputan,2,4
266030,16439,3,2008,2008,1.112,124.737,Soputan,33,14
266030,16438,3,2007,2007,1.112,124.737,Soputan,5,3
266030,16434,1,2006,2006,1.112,124.737,Soputan,10,12
266030,16433,1,2005,2006,1.112,124.737,Soputan,1.5,3
266030,16437,2,2005,2005,1.112,124.737,Soputan,1.5,3
266030,16436,3,2004,2004,1.112,124.737,Soputan,10,11.8
266030,16435,2,2000,2003,1.112,124.737,Soputan,,
266030,16432,2,1991,1996,1.112,124.737,Soputan,,
266030,16431,2,1989,1989,1.112,124.737,Soputan,,
266030,16430,2,1985,1985,1.112,124.737,Soputan,12,11.8
266030,16429,3,1984,1984,1.112,124.737,Soputan,166,16
266030,16428,3,1982,1982,1.112,124.737,Soputan,90,15
312110,20199,1,1998,1998,57.135,-156.99,Chiginagak,,
334120,10357,0,1990,NaN,-17.436,-113.206,Southern EPR-Segment K,,
223020,22202,-1,2016,2017,-1.408,29.2,Nyamuragira,28,4
223020,20942,0,2014,2016,-1.408,29.2,Nyamuragira,,
223020,20801,2,2011,2012,-1.408,29.2,Nyamuragira,,
223020,14085,1,2010,2010,-1.408,29.2,Nyamuragira,,
223020,14084,2,2006,2006,-1.408,29.2,Nyamuragira,675,15
223020,14083,2,2004,2004,-1.408,29.2,Nyamuragira,2587,4
223020,14082,2,2002,2002,-1.408,29.2,Nyamuragira,,
223020,14081,2,2001,2001,-1.408,29.2,Nyamuragira,,
223020,14080,2,2000,2000,-1.408,29.2,Nyamuragira,,
223020,14079,2,1998,1998,-1.408,29.2,Nyamuragira,,
223020,14078,3,1996,1996,-1.408,29.2,Nyamuragira,,
223020,14077,2,1994,1994,-1.408,29.2,Nyamuragira,1514,4
223020,14076,3,1991,1993,-1.408,29.2,Nyamuragira,858,4
223020,14075,3,1989,1989,-1.408,29.2,Nyamuragira,,
223020,14074,1,1987,1988,-1.408,29.2,Nyamuragira,28,4
223020,14073,2,1986,1986,-1.408,29.2,Nyamuragira,,
223020,14071,2,1984,1984,-1.408,29.2,Nyamuragira,,
223020,14070,3,1981,1982,-1.408,29.2,Nyamuragira,,
223020,14069,3,1980,1980,-1.408,29.2,Nyamuragira,,
290100,18765,1,1999,1999,45.389,148.838,Moyorodake [Medvezhia],,
372020,12563,4,2010,2010,63.633,-19.633,Eyjafjallajokull,,
223030,14107,2,2002,2017,-1.52,29.25,Nyiragongo,,
223030,14106,1,2002,2002,-1.52,29.25,Nyiragongo,,
223030,14105,1,1994,1996,-1.52,29.25,Nyiragongo,,
223030,14104,1,1982,1982,-1.52,29.25,Nyiragongo,,
352050,21088,-1,2015,2016,-0.677,-78.436,Cotopaxi,20,18
353080,11730,-1,1991,1991,0.33,-90.47,Marchena,200,2
311110,20774,2,2012,2012,51.923,-177.168,Kanaga,,
311110,19722,2,1995,1995,51.923,-177.168,Kanaga,,
311110,19721,2,1994,1994,51.923,-177.168,Kanaga,,
264010,16206,1,1999,2000,-8.242,115.375,Batur,,
264010,16205,1,1998,NaN,-8.242,115.375,Batur,,
264010,16204,1,1994,1994,-8.242,115.375,Batur,,
351050,11314,3,2008,2012,2.93,-76.03,"Huila, Nevado del",,
351050,11313,2,2008,2008,2.93,-76.03,"Huila, Nevado del",,
351050,11312,3,2007,2007,2.93,-76.03,"Huila, Nevado del",,
221010,13923,-1,2007,2008,15.55,41.83,"Tair, Jebel at",80,16
352080,20999,-1,2015,2016,-1.467,-78.442,Tungurahua,6,15
352080,22214,2,2011,2011,-1.467,-78.442,Tungurahua,,
352080,11645,3,2010,2011,-1.467,-78.442,Tungurahua,,
352080,11644,3,2010,2010,-1.467,-78.442,Tungurahua,,
352080,11643,3,1999,2009,-1.467,-78.442,Tungurahua,6,15
243030,14729,1,1999,1999,-20.852,-175.55,Unnamed,,
242005,20748,1,2012,2012,-31.08,-179.033,Havre Seamount,,
285020,18582,1,2000,2000,42.063,140.677,Hokkaido-Komagatake,,
285020,18581,2,1998,1998,42.063,140.677,Hokkaido-Komagatake,,
285020,18580,1,1996,1996,42.063,140.677,Hokkaido-Komagatake,,
264030,22149,-1,2016,2016,-8.42,116.47,Rinjani,10,10
264030,22104,2,2015,2015,-8.42,116.47,Rinjani,,
264030,16227,2,2009,2010,-8.42,116.47,Rinjani,,
264030,16226,2,2004,2004,-8.42,116.47,Rinjani,,
264030,16224,3,1994,1994,-8.42,116.47,Rinjani,10,10
373080,12953,0,1984,1984,65.715,-16.728,Krafla,,
373080,12952,0,1981,1981,65.715,-16.728,Krafla,,
373080,12951,0,1981,1981,65.715,-16.728,Krafla,,
373080,12950,0,1980,1980,65.715,-16.728,Krafla,,
311130,19745,-1,2008,2008,52.177,-175.508,Kasatochi,2000,15
221020,21068,-1,2013,2013,15.05,42.18,Zubair Group,1,5.2
221020,20840,2,2011,2012,15.05,42.18,Zubair Group,1,5.2
290150,20756,0,2012,2016,46.532,150.871,Chirpoi,,
290150,18785,2,1982,NaN,46.532,150.871,Chirpoi,,
285030,18602,2,2000,2001,42.544,140.839,Toya,,
243040,20983,-1,2014,2015,-20.536,-175.382,Hunga Tonga-Hunga Ha'apai,14,3
243040,14733,2,2009,2009,-20.536,-175.382,Hunga Tonga-Hunga Ha'apai,,
243040,14732,0,1988,1988,-20.536,-175.382,Hunga Tonga-Hunga Ha'apai,,
372070,12754,-1,2000,2000,63.983,-19.666,Hekla,460,15
372070,12753,3,1991,1991,63.983,-19.666,Hekla,,
372070,12752,2,1981,1981,63.983,-19.666,Hekla,,
372070,12751,3,1980,1980,63.983,-19.666,Hekla,460,15
351080,20764,-1,2012,2014,1.22,-77.37,Galeras,3,11
351080,11381,2,2010,2010,1.22,-77.37,Galeras,,
351080,11380,3,2008,2010,1.22,-77.37,Galeras,,
351080,11379,3,2007,2008,1.22,-77.37,Galeras,,
351080,11378,2,2005,2006,1.22,-77.37,Galeras,,
351080,11377,3,2004,2005,1.22,-77.37,Galeras,3,11
351080,11376,1,2002,2002,1.22,-77.37,Galeras,,
351080,11375,1,2000,2000,1.22,-77.37,Galeras,,
351080,11374,2,1993,1993,1.22,-77.37,Galeras,,
351080,11373,2,1990,1992,1.22,-77.37,Galeras,,
351080,11372,2,1989,1989,1.22,-77.37,Galeras,,
242030,14702,1,2006,2006,-29.27,-177.92,Raoul Island,,
284010,18244,2,1990,1990,34.724,139.394,Izu-Oshima,,
284010,18243,2,1987,1988,34.724,139.394,Izu-Oshima,,
284010,18242,3,1986,1986,34.724,139.394,Izu-Oshima,,
266100,21093,1,2015,2015,1.358,124.792,Lokon-Empung,,
266100,21071,1,2015,2015,1.358,124.792,Lokon-Empung,,
266100,20794,2,2012,2013,1.358,124.792,Lokon-Empung,,
266100,20793,2,2011,2012,1.358,124.792,Lokon-Empung,,
266100,20792,1,2011,2011,1.358,124.792,Lokon-Empung,,
266100,16463,3,2003,2003,1.358,124.792,Lokon-Empung,,
266100,16462,2,2002,2003,1.358,124.792,Lokon-Empung,,
266100,16461,2,2002,2002,1.358,124.792,Lokon-Empung,,
266100,16460,2,2000,2001,1.358,124.792,Lokon-Empung,,
266100,16459,3,1991,1992,1.358,124.792,Lokon-Empung,,
266100,16458,1,1988,1988,1.358,124.792,Lokon-Empung,,
266100,16457,2,1986,1987,1.358,124.792,Lokon-Empung,,
221041,20939,0,2011,2011,14.242,40.3,Dallol,,
262000,20932,1,2014,2014,-6.102,105.423,Krakatau,,
262000,20787,2,2011,2012,-6.102,105.423,Krakatau,,
262000,15634,2,2010,2011,-6.102,105.423,Krakatau,,
262000,15633,2,2009,2009,-6.102,105.423,Krakatau,,
262000,15626,2,2007,2008,-6.102,105.423,Krakatau,,
262000,15625,1,2001,2001,-6.102,105.423,Krakatau,,
262000,15624,1,2000,2000,-6.102,105.423,Krakatau,,
262000,15623,2,1999,1999,-6.102,105.423,Krakatau,,
262000,15622,2,1997,1997,-6.102,105.423,Krakatau,,
262000,15619,2,1996,1996,-6.102,105.423,Krakatau,,
262000,15618,2,1994,1995,-6.102,105.423,Krakatau,,
262000,15617,1,1992,1993,-6.102,105.423,Krakatau,,
262000,15616,2,1988,1988,-6.102,105.423,Krakatau,,
262000,15615,1,1981,1981,-6.102,105.423,Krakatau,,
262000,15614,2,1980,1980,-6.102,105.423,Krakatau,,
262000,15613,2,1979,1979,-6.102,105.423,Krakatau,,
285040,18633,0,1981,NaN,42.688,141.38,Shikotsu,,
264050,20911,-1,2014,2015,-8.2,119.07,Sangeang Api,100,17
264050,16252,2,1997,1999,-8.2,119.07,Sangeang Api,,
264050,16251,3,1985,1988,-8.2,119.07,Sangeang Api,,
243060,14752,1,2004,2014,-19.75,-175.07,Tofua,,
311161,19768,1,2006,2007,52.381,-174.166,Korovin,,
311161,19767,1,2005,2005,52.381,-174.166,Korovin,,
311161,19766,1,2004,NaN,52.381,-174.166,Korovin,,
311161,19765,1,2002,NaN,52.381,-174.166,Korovin,,
311161,19764,3,1998,1998,52.381,-174.166,Korovin,,
311161,19762,2,1987,1987,52.381,-174.166,Korovin,,
243070,14767,2,1995,1995,-19.18,-174.87,Metis Shoal,,
243070,14766,0,1991,NaN,-19.18,-174.87,Metis Shoal,,
243070,14765,2,1979,1979,-19.18,-174.87,Metis Shoal,,
285050,18661,1,2004,2004,43.418,142.686,Tokachidake,,
285050,18660,2,1988,1989,43.418,142.686,Tokachidake,,
285050,18659,1,1985,1985,43.418,142.686,Tokachidake,,
242050,20799,0,2012,2012,-25.887,-177.188,Monowai,,
242050,22197,0,2009,2009,-25.887,-177.188,Monowai,,
242050,14723,0,2008,2008,-25.887,-177.188,Monowai,,
242050,14722,0,2006,2007,-25.887,-177.188,Monowai,,
242050,14721,0,2005,2006,-25.887,-177.188,Monowai,,
242050,14720,0,2003,2004,-25.887,-177.188,Monowai,,
242050,14719,0,2002,2002,-25.887,-177.188,Monowai,,
242050,14718,0,2002,2002,-25.887,-177.188,Monowai,,
242050,14717,0,1999,1999,-25.887,-177.188,Monowai,,
242050,14716,0,1997,1998,-25.887,-177.188,Monowai,,
242050,14715,0,1997,1997,-25.887,-177.188,Monowai,,
242050,14714,0,1996,1996,-25.887,-177.188,Monowai,,
242050,14713,0,1995,1995,-25.887,-177.188,Monowai,,
242050,14712,0,1990,1991,-25.887,-177.188,Monowai,,
242050,14711,0,1988,1988,-25.887,-177.188,Monowai,,
242050,14710,0,1986,1986,-25.887,-177.188,Monowai,,
242050,14709,0,1982,1982,-25.887,-177.188,Monowai,,
242050,14708,0,1980,1980,-25.887,-177.188,Monowai,,
242050,14707,1,1979,1979,-25.887,-177.188,Monowai,,
264071,16255,1,1991,NaN,-8.62,120.52,Ranakah,,
264071,16254,3,1987,1989,-8.62,120.52,Ranakah,,
283010,17379,1,1989,1989,34.9,139.098,Izu-Tobu,,
265090,16420,-1,1988,1988,-4.523,129.881,Banda Api,250,16
221060,13927,-1,2008,2008,13.793,40.553,Alu-Dalafilla,150,16
283020,21080,1,2015,2015,35.233,139.021,Hakoneyama,,
311180,19782,2,1993,1993,52.315,-172.51,Seguam,,
311180,19781,2,1992,1992,52.315,-172.51,Seguam,,
285070,18707,1,2008,2008,43.384,144.013,Akan,,
285070,18704,1,2006,2006,43.384,144.013,Akan,,
285070,18703,1,1998,1998,43.384,144.013,Akan,,
285070,18702,1,1996,1996,43.384,144.013,Akan,,
285070,18701,1,1988,1988,43.384,144.013,Akan,,
285070,18700,1,1984,1984,43.384,144.013,Akan,,
243080,14771,2,2006,2006,-18.992,-174.775,Home Reef,,
243080,14770,3,1984,1984,-18.992,-174.775,Home Reef,,
284040,18282,1,2010,2010,34.094,139.526,Miyakejima,,
284040,18281,1,2009,2009,34.094,139.526,Miyakejima,,
284040,18280,1,2008,2008,34.094,139.526,Miyakejima,,
284040,18279,1,2008,2008,34.094,139.526,Miyakejima,,
284040,18278,1,2006,2006,34.094,139.526,Miyakejima,,
284040,18277,1,2006,2006,34.094,139.526,Miyakejima,,
284040,18276,1,2005,2005,34.094,139.526,Miyakejima,,
284040,18275,1,2004,2004,34.094,139.526,Miyakejima,,
284040,18274,2,2001,2002,34.094,139.526,Miyakejima,,
284040,18273,3,2000,2000,34.094,139.526,Miyakejima,,
284040,18272,3,1983,1983,34.094,139.526,Miyakejima,,
243091,14772,2,2001,2001,-18.325,-174.365,Unnamed,,
311190,19790,1,1997,NaN,52.5,-171.252,Amukta,,
311190,19789,1,1996,1996,52.5,-171.252,Amukta,,
311190,19788,1,1987,NaN,52.5,-171.252,Amukta,,
241040,22147,1,2016,2016,-37.52,177.18,White Island,,
241040,22121,1,2016,2016,-37.52,177.18,White Island,,
241040,20839,2,2012,2013,-37.52,177.18,White Island,,
241040,14495,2,2001,2001,-37.52,177.18,White Island,,
241040,14494,3,2000,2000,-37.52,177.18,White Island,,
241040,14493,2,1998,1999,-37.52,177.18,White Island,,
241040,14492,1,1998,1998,-37.52,177.18,White Island,,
241040,14491,1,1995,1995,-37.52,177.18,White Island,,
241040,14490,3,1986,1994,-37.52,177.18,White Island,,
241040,14489,2,1983,1984,-37.52,177.18,White Island,,
241050,14526,1,1981,1981,-38.12,176.5,Okataina,,
243102,14776,1,1979,NaN,-15.62,-173.67,Curacoa,,
264090,16258,2,2001,2001,-8.73,120.98,Inielika,,
283040,20964,-1,2014,2014,35.893,137.48,Ontakesan,1,10
283040,20962,0,2007,NaN,35.893,137.48,Ontakesan,,
283040,20963,0,1991,1991,35.893,137.48,Ontakesan,,
283040,17457,2,1979,1980,35.893,137.48,Ontakesan,,
261030,15395,2,2000,2000,4.914,96.329,Peuet Sague,,
261030,15394,1,1999,1999,4.914,96.329,Peuet Sague,,
261030,15393,1,1998,1998,4.914,96.329,Peuet Sague,,
261030,15376,2,1991,NaN,4.914,96.329,Peuet Sague,,
261030,15375,2,1986,NaN,4.914,96.329,Peuet Sague,,
261030,15392,2,1979,NaN,4.914,96.329,Peuet Sague,,
243110,14798,0,1985,1985,-15.6,-175.63,Niuafo'ou,,
260010,20918,-1,2013,2016,12.278,93.858,Barren Island,0.2,5
260010,20754,1,2013,2013,12.278,93.858,Barren Island,,
260010,15388,2,2010,2011,12.278,93.858,Barren Island,,
260010,15387,2,2008,2010,12.278,93.858,Barren Island,,
260010,15386,2,2005,2007,12.278,93.858,Barren Island,,
260010,15384,2,1994,1995,12.278,93.858,Barren Island,,
260010,15383,2,1991,1991,12.278,93.858,Barren Island,,
282030,16947,2,2004,2017,29.638,129.714,Suwanosejima,,
282030,16946,3,2000,2004,29.638,129.714,Suwanosejima,,
282030,16945,2,2000,2000,29.638,129.714,Suwanosejima,,
282030,16944,1,1999,1999,29.638,129.714,Suwanosejima,,
282030,16943,1,1999,1999,29.638,129.714,Suwanosejima,,
282030,16942,1,1996,1997,29.638,129.714,Suwanosejima,,
282030,16941,2,1990,1996,29.638,129.714,Suwanosejima,,
282030,16940,2,1988,1989,29.638,129.714,Suwanosejima,,
282030,16939,2,1985,1987,29.638,129.714,Suwanosejima,,
282030,16938,2,1984,1984,29.638,129.714,Suwanosejima,,
222120,20790,0,2011,2014,-2.764,35.914,"Lengai, Ol Doinyo",,
222120,13828,3,2007,2010,-2.764,35.914,"Lengai, Ol Doinyo",,
222120,14024,1,1994,2006,-2.764,35.914,"Lengai, Ol Doinyo",,
222120,14023,2,1983,1993,-2.764,35.914,"Lengai, Ol Doinyo",,
221101,20800,-1,2011,2012,13.37,41.7,Nabro,3650,18
243120,14799,0,2008,2008,-15.37,-174.23,Tafu-Maka,,
263090,20987,1,2013,2013,-6.77,107.6,Tangkubanparahu,,
263090,20822,2,2013,2013,-6.77,107.6,Tangkubanparahu,,
263090,15683,1,1983,NaN,-6.77,107.6,Tangkubanparahu,,
221115,13944,2,2009,2009,12.17,40.82,Manda Hararo,,
221115,13943,2,2007,2007,12.17,40.82,Manda Hararo,,
263100,15688,-1,2002,2002,-7.32,107.73,Papandayan,7,12.7
345020,22132,1,2015,2016,10.83,-85.324,Rincon de la Vieja,,
345020,20961,1,2014,2014,10.83,-85.324,Rincon de la Vieja,,
345020,22161,1,2012,2012,10.83,-85.324,Rincon de la Vieja,,
345020,20813,1,2012,2012,10.83,-85.324,Rincon de la Vieja,,
345020,20812,1,2011,2011,10.83,-85.324,Rincon de la Vieja,,
345020,11106,2,1998,1998,10.83,-85.324,Rincon de la Vieja,,
345020,11105,2,1995,1995,10.83,-85.324,Rincon de la Vieja,,
345020,11104,2,1991,1992,10.83,-85.324,Rincon de la Vieja,,
345020,11103,1,1987,1987,10.83,-85.324,Rincon de la Vieja,,
345020,11102,1,1986,1986,10.83,-85.324,Rincon de la Vieja,,
345020,11101,1,1985,1986,10.83,-85.324,Rincon de la Vieja,,
345020,11100,2,1984,1984,10.83,-85.324,Rincon de la Vieja,,
345020,11099,1,1983,1983,10.83,-85.324,Rincon de la Vieja,,
243130,14800,0,2008,2009,-15.1,-173.75,West Mata,,
221113,13942,3,2005,2005,12.595,40.48,Dabbahu,,
283070,17524,1,1995,1995,36.227,137.587,Yakedake,,
241080,20827,-1,2012,2012,-39.157,175.632,Tongariro,1,12
241080,20826,2,2012,2012,-39.157,175.632,Tongariro,1,12
284090,18372,2,2002,2002,30.484,140.303,Izu-Torishima,,
312260,20250,-1,2006,2006,58.77,-153.672,Fourpeaked,1,6
284100,18374,0,1984,1984,26.06,140.933,Kaitoku Seamount,,
284096,20916,2,2013,2015,27.247,140.874,Nishinoshima,,
290240,18819,-1,2009,2009,48.092,153.2,Sarychev Peak,1200,17
290240,18818,1,1989,1989,48.092,153.2,Sarychev Peak,,
290240,18817,1,1986,NaN,48.092,153.2,Sarychev Peak,,
390081,13205,1,2001,2007,-58.445,-26.374,Montagu Island,,
390080,22133,1,2016,2016,-59.017,-26.533,Bristol Island,,
282050,21073,-1,2015,2015,30.443,130.218,Kuchinoerabujima,4,9
282050,20952,1,2014,2014,30.443,130.218,Kuchinoerabujima,,
282050,16979,2,1980,1980,30.443,130.218,Kuchinoerabujima,,
282060,20781,1,2013,2013,30.789,130.308,Kikai,,
282060,17003,2,2004,2004,30.789,130.308,Kikai,,
282060,17002,2,2003,2003,30.789,130.308,Kikai,,
282060,17001,2,2002,2002,30.789,130.308,Kikai,,
282060,17000,1,2000,2001,30.789,130.308,Kikai,,
282060,16999,2,2000,2000,30.789,130.308,Kikai,,
282060,16998,2,1998,1999,30.789,130.308,Kikai,,
282060,16997,1,1997,NaN,30.789,130.308,Kikai,,
282060,16996,1,1988,1988,30.789,130.308,Kikai,,
311240,22180,-1,2016,2016,52.825,-169.944,Cleveland,6,10
311240,22128,0,2016,2016,52.825,-169.944,Cleveland,,
311240,21082,1,2015,2015,52.825,-169.944,Cleveland,,
311240,20845,3,2013,2014,52.825,-169.944,Cleveland,1,5
311240,20758,2,2011,2013,52.825,-169.944,Cleveland,,
311240,19819,2,2010,2010,52.825,-169.944,Cleveland,,
311240,19828,2,2009,2009,52.825,-169.944,Cleveland,,
311240,19827,2,2009,2009,52.825,-169.944,Cleveland,,
311240,19826,2,2009,2009,52.825,-169.944,Cleveland,,
311240,19825,2,2007,2008,52.825,-169.944,Cleveland,,
311240,19818,3,2006,2006,52.825,-169.944,Cleveland,0.13,8
311240,19817,2,2005,2005,52.825,-169.944,Cleveland,,
311240,19816,3,2001,2001,52.825,-169.944,Cleveland,6,10
311240,19815,2,1997,1997,52.825,-169.944,Cleveland,,
311240,19814,1,1994,1994,52.825,-169.944,Cleveland,,
311240,19813,3,1994,1994,52.825,-169.944,Cleveland,,
311240,19811,3,1987,1987,52.825,-169.944,Cleveland,,
311240,19810,2,1986,1986,52.825,-169.944,Cleveland,,
311240,19808,1,1984,1984,52.825,-169.944,Cleveland,,
390090,21099,0,2015,2015,-57.8,-26.483,Saunders,,
390090,20903,0,2012,2012,-57.8,-26.483,Saunders,,
390090,20901,1,2010,2010,-57.8,-26.483,Saunders,,
390090,20902,0,2008,2008,-57.8,-26.483,Saunders,,
390090,20899,0,2008,2008,-57.8,-26.483,Saunders,,
390090,13221,0,2006,2006,-57.8,-26.483,Saunders,,
390090,13220,0,2005,2006,-57.8,-26.483,Saunders,,
390090,13219,0,2003,2003,-57.8,-26.483,Saunders,,
390090,13218,0,2002,2002,-57.8,-26.483,Saunders,,
390090,13217,0,2001,2001,-57.8,-26.483,Saunders,,
390090,13204,0,2000,2001,-57.8,-26.483,Saunders,,
390090,13203,0,1997,1998,-57.8,-26.483,Saunders,,
390090,13216,0,1996,NaN,-57.8,-26.483,Saunders,,
390090,13215,0,1995,1996,-57.8,-26.483,Saunders,,
390090,13214,0,1995,1996,-57.8,-26.483,Saunders,,
241100,14669,-1,2007,2007,-39.28,175.57,Ruapehu,10,11
241100,14668,1,2006,2006,-39.28,175.57,Ruapehu,,
241100,14667,1,1997,1997,-39.28,175.57,Ruapehu,,
241100,14666,3,1996,1996,-39.28,175.57,Ruapehu,10,11
241100,14664,3,1995,1995,-39.28,175.57,Ruapehu,,
241100,14662,1,1992,1992,-39.28,175.57,Ruapehu,,
241100,14661,1,1991,1991,-39.28,175.57,Ruapehu,,
241100,14660,0,1990,1990,-39.28,175.57,Ruapehu,,
241100,14659,1,1990,1990,-39.28,175.57,Ruapehu,,
241100,14658,1,1989,1989,-39.28,175.57,Ruapehu,,
241100,14657,1,1988,1989,-39.28,175.57,Ruapehu,,
241100,14656,1,1988,1988,-39.28,175.57,Ruapehu,,
241100,14655,1,1987,1987,-39.28,175.57,Ruapehu,,
241100,14654,1,1986,1986,-39.28,175.57,Ruapehu,,
241100,14653,1,1985,1985,-39.28,175.57,Ruapehu,,
241100,14652,1,1985,1985,-39.28,175.57,Ruapehu,,
241100,14651,1,1984,1984,-39.28,175.57,Ruapehu,,
241100,14650,1,1984,NaN,-39.28,175.57,Ruapehu,,
241100,14649,1,1981,1982,-39.28,175.57,Ruapehu,,
241100,14648,1,1980,1980,-39.28,175.57,Ruapehu,,
241100,14647,1,1980,1980,-39.28,175.57,Ruapehu,,
241100,14646,1,1979,1979,-39.28,175.57,Ruapehu,,
290260,22175,3,2016,2017,48.98,153.48,Chirinkotan,,
290260,22223,2,2014,2015,48.98,153.48,Chirinkotan,,
290260,20757,1,2013,2014,48.98,153.48,Chirinkotan,,
290260,18830,2,2004,2004,48.98,153.48,Chirinkotan,,
290260,18829,1,1986,1986,48.98,153.48,Chirinkotan,,
290260,18828,2,1979,1980,48.98,153.48,Chirinkotan,,
344020,22130,-1,2016,2016,12.702,-87.004,San Cristobal,1,4.5
344020,21083,2,2015,2015,12.702,-87.004,San Cristobal,,
344020,20941,1,2014,2014,12.702,-87.004,San Cristobal,,
344020,20817,1,2013,2013,12.702,-87.004,San Cristobal,,
344020,20816,2,2012,2012,12.702,-87.004,San Cristobal,1,4.5
344020,20815,2,2012,2012,12.702,-87.004,San Cristobal,1,4.5
344020,10898,1,2011,2011,12.702,-87.004,San Cristobal,,
344020,10897,2,2010,2011,12.702,-87.004,San Cristobal,,
344020,10896,2,2009,2009,12.702,-87.004,San Cristobal,,
344020,10895,1,2008,2008,12.702,-87.004,San Cristobal,,
344020,10894,1,2008,2008,12.702,-87.004,San Cristobal,,
344020,10893,1,2007,NaN,12.702,-87.004,San Cristobal,,
344020,10892,2,2005,2006,12.702,-87.004,San Cristobal,,
344020,10891,1,2004,2004,12.702,-87.004,San Cristobal,,
344020,10890,1,2003,2004,12.702,-87.004,San Cristobal,,
344020,10889,1,2002,2002,12.702,-87.004,San Cristobal,,
344020,10888,1,2001,2001,12.702,-87.004,San Cristobal,,
344020,10887,2,1999,2000,12.702,-87.004,San Cristobal,,
344020,10886,1,1997,1997,12.702,-87.004,San Cristobal,,
264150,20806,-1,2012,2013,-8.32,121.708,Paluweh,40,17
264150,16272,1,1985,1985,-8.32,121.708,Paluweh,,
264150,16271,2,1984,1984,-8.32,121.708,Paluweh,,
264150,16270,2,1980,1981,-8.32,121.708,Paluweh,,
258001,15356,1,1996,1996,-20.98,170.28,Eastern Gemini Seamount,,
345040,22156,1,2016,2016,10.2,-84.233,Poas,,
345040,11193,1,2009,2014,10.2,-84.233,Poas,,
345040,11192,1,2009,2009,10.2,-84.233,Poas,,
345040,11191,1,2008,2008,10.2,-84.233,Poas,,
345040,11190,1,2006,2006,10.2,-84.233,Poas,,
345040,11189,1,2006,2006,10.2,-84.233,Poas,,
345040,11188,1,1996,1996,10.2,-84.233,Poas,,
345040,11187,2,1994,1994,10.2,-84.233,Poas,,
345040,11186,0,1992,1993,10.2,-84.233,Poas,,
345040,11185,1,1992,1992,10.2,-84.233,Poas,,
345040,11184,1,1991,1991,10.2,-84.233,Poas,,
345040,11183,2,1987,1990,10.2,-84.233,Poas,,
345040,11182,1,1981,1981,10.2,-84.233,Poas,,
345040,11181,1,1980,1980,10.2,-84.233,Poas,,
345040,11180,1,1980,1980,10.2,-84.233,Poas,,
345040,11179,1,1979,1980,10.2,-84.233,Poas,,
283090,17551,1,1998,NaN,36.921,138.036,Niigata-Yakeyama,,
283090,17550,1,1997,1997,36.921,138.036,Niigata-Yakeyama,,
283090,17549,1,1989,1989,36.921,138.036,Niigata-Yakeyama,,
283090,17548,1,1987,NaN,36.921,138.036,Niigata-Yakeyama,,
283090,17547,1,1983,1983,36.921,138.036,Niigata-Yakeyama,,
290270,18833,2,2010,2010,48.958,153.93,Ekarma,,
290270,18832,1,1980,NaN,48.958,153.93,Ekarma,,
261080,20818,2,2013,2017,3.17,98.392,Sinabung,,
261080,15404,2,2010,2010,3.17,98.392,Sinabung,,
284120,20772,1,2012,2012,24.751,141.289,Ioto,,
284120,18421,1,2001,2001,24.751,141.289,Ioto,,
284120,18420,1,1999,1999,24.751,141.289,Ioto,,
284120,18419,1,1994,1994,24.751,141.289,Ioto,,
284120,18417,1,1982,1982,24.751,141.289,Ioto,,
284120,18416,1,1982,1982,24.751,141.289,Ioto,,
284120,18415,1,1980,1980,24.751,141.289,Ioto,,
386011,13145,0,2004,2004,-37.42,-12.48,Nightingale Island,,
263140,15722,-1,1984,1984,-7.25,108.058,Galunggung,130,4
263140,15721,4,1982,1983,-7.25,108.058,Galunggung,130,4
345060,11232,2,1994,1994,9.979,-83.852,Irazu,,
283110,21081,1,2015,2015,36.406,138.523,Asamayama,,
283110,17812,2,2009,2009,36.406,138.523,Asamayama,,
283110,17811,1,2008,2008,36.406,138.523,Asamayama,,
283110,17810,2,2004,2004,36.406,138.523,Asamayama,,
283110,17809,1,2003,2003,36.406,138.523,Asamayama,,
283110,17808,2,1990,1990,36.406,138.523,Asamayama,,
283110,17807,2,1983,1983,36.406,138.523,Asamayama,,
283110,17806,1,1982,1982,36.406,138.523,Asamayama,,
283110,17805,2,1982,1982,36.406,138.523,Asamayama,,
282080,22203,1,2017,2017,31.593,130.657,Aira,,
264160,16278,2,2008,2008,-8.676,122.455,Egon,,
264160,16277,1,2005,2005,-8.676,122.455,Egon,,
264160,16276,2,2004,2004,-8.676,122.455,Egon,,
264160,16275,1,2004,2004,-8.676,122.455,Egon,,
284130,18469,1,2010,2010,24.285,141.481,Fukutoku-Oka-no-Ba,,
284130,18467,1,2005,2005,24.285,141.481,Fukutoku-Oka-no-Ba,,
284130,18458,1,1992,1993,24.285,141.481,Fukutoku-Oka-no-Ba,,
284130,17602,0,1987,1987,24.285,141.481,Fukutoku-Oka-no-Ba,,
284130,17600,2,1986,1986,24.285,141.481,Fukutoku-Oka-no-Ba,,
284141,20936,0,2014,2014,20.42,145.03,Ahyi,,
284141,18474,0,2001,2001,20.42,145.03,Ahyi,,
241130,14676,0,2008,NaN,-35.745,178.478,Rumble III,,
241130,14675,0,1986,1986,-35.745,178.478,Rumble III,,
343020,10768,-1,2005,2005,13.853,-89.63,Santa Ana,12,14
284142,18477,0,1989,1989,20.13,145.1,Supply Reef,,
345070,20998,-1,2015,2017,10.025,-83.767,Turrialba,3,5
345070,20974,2,2014,2014,10.025,-83.767,Turrialba,3,5
345070,20831,2,2013,2013,10.025,-83.767,Turrialba,,
345070,20830,2,2012,2012,10.025,-83.767,Turrialba,,
345070,20829,1,2011,2011,10.025,-83.767,Turrialba,,
345070,11247,2,2010,2010,10.025,-83.767,Turrialba,,
344040,21097,-1,2015,2016,12.606,-86.84,Telica,1,2.4
344040,21074,2,2015,2015,12.606,-86.84,Telica,1,2.4
344040,22195,1,2013,2013,12.606,-86.84,Telica,,
344040,20823,2,2011,2011,12.606,-86.84,Telica,,
344040,10943,1,2008,2008,12.606,-86.84,Telica,,
344040,10942,1,2007,2008,12.606,-86.84,Telica,,
344040,10940,1,2006,2007,12.606,-86.84,Telica,,
344040,10939,1,2006,2006,12.606,-86.84,Telica,,
344040,10938,1,2004,2005,12.606,-86.84,Telica,,
344040,10937,1,2004,2004,12.606,-86.84,Telica,,
344040,10936,0,2002,NaN,12.606,-86.84,Telica,,
344040,10935,1,2001,2001,12.606,-86.84,Telica,,
344040,10934,2,1999,2000,12.606,-86.84,Telica,,
344040,10933,2,1994,1994,12.606,-86.84,Telica,,
344040,10932,1,1987,1987,12.606,-86.84,Telica,,
344040,10931,2,1981,1982,12.606,-86.84,Telica,,
344040,10930,1,1981,NaN,12.606,-86.84,Telica,,
300010,22198,3,2017,2017,51.306,156.875,Kambalny,,
282090,20782,-1,2011,2011,31.934,130.862,Kirishimayama,30,4
282090,17165,1,2010,2010,31.934,130.862,Kirishimayama,,
282090,17164,1,2009,2009,31.934,130.862,Kirishimayama,,
282090,17163,1,2008,2008,31.934,130.862,Kirishimayama,,
282090,17162,1,1991,1992,31.934,130.862,Kirishimayama,,
282090,17161,1,1979,NaN,31.934,130.862,Kirishimayama,,
264180,16304,2,2003,2003,-8.542,122.775,Lewotobi,,
264180,16300,1,2002,2002,-8.542,122.775,Lewotobi,,
264180,16299,2,1999,1999,-8.542,122.775,Lewotobi,,
264180,16298,1,1991,1992,-8.542,122.775,Lewotobi,,
264180,16297,1,1990,1990,-8.542,122.775,Lewotobi,,
282100,17182,2,1996,1996,32.761,130.299,Unzendake,,
282100,17181,1,1990,1995,32.761,130.299,Unzendake,,
283120,17844,1,1983,1983,36.618,138.528,Kusatsu-Shiranesan,,
283120,17843,1,1982,1982,36.618,138.528,Kusatsu-Shiranesan,,
390130,22159,1,2016,2016,-56.3,-27.57,Zavodovski,,
282110,22174,3,2016,2016,32.884,131.104,Asosan,,
282110,20960,2,2014,2016,32.884,131.104,Asosan,,
282110,20935,1,2014,2014,32.884,131.104,Asosan,,
282110,20753,1,2011,2011,32.884,131.104,Asosan,,
282110,17351,1,2008,2008,32.884,131.104,Asosan,,
282110,17350,1,2005,2005,32.884,131.104,Asosan,,
282110,17349,1,2004,2004,32.884,131.104,Asosan,,
282110,17348,1,2003,2003,32.884,131.104,Asosan,,
282110,17347,2,1994,1995,32.884,131.104,Asosan,,
282110,17346,2,1992,1993,32.884,131.104,Asosan,,
282110,17345,2,1989,1991,32.884,131.104,Asosan,,
282110,17344,1,1988,1989,32.884,131.104,Asosan,,
282110,17343,1,1984,1985,32.884,131.104,Asosan,,
282110,17342,1,1983,1983,32.884,131.104,Asosan,,
282110,17341,1,1981,1981,32.884,131.104,Asosan,,
282110,17340,1,1980,1980,32.884,131.104,Asosan,,
282110,17339,2,1979,1980,32.884,131.104,Asosan,,
311290,19852,-1,2008,2008,53.43,-168.13,Okmok,150,15
311290,19851,3,1997,1997,53.43,-168.13,Okmok,,
311290,19850,2,1986,1988,53.43,-168.13,Okmok,,
311290,19849,2,1983,1983,53.43,-168.13,Okmok,,
311290,19848,3,1981,1981,53.43,-168.13,Okmok,,
257020,20938,1,2011,2011,-14.27,167.5,Gaua,,
257020,15231,2,2009,2010,-14.27,167.5,Gaua,,
257020,15230,2,1982,1982,-14.27,167.5,Gaua,,
257020,15229,1,1981,1981,-14.27,167.5,Gaua,,
257020,15228,1,1980,NaN,-14.27,167.5,Gaua,,
